gindex,player,pos,team,points,p10,p90,sd,games,health_environment_delta,health_floor_delta,role_system_ceiling_lift,role_sd_lift,team_uncertainty_lift,league_scheme_delta,neutral_context_delta,target_share,rush_share,goal_line_share,role_margin,target_hhi,rush_hhi,coach_proe,pace_multiplier,new_coach,roster_continuity,contingent_gain,behind,volume_ratio,td_dependence,health_ratio
22,Bijan Robinson,RB,ATL,310.83563,164.09915,465.16287,121.34484,15.996,8.56897,8.62619,79.20093,71.80989,-4.759857,4.557556,8.233093,0.1524883151978084,0.575562985085275,0.6684955211791169,0.3065278420721259,0.1520177118315911,0.4114755841237087,-0.0059827158096396,1.0028623118456308,False,0.3287159920371599,,,1.8963218331336975,1.071536662846561,1.0261844396591189
57,Josh Allen,QB,BUF,308.191,233.47258,373.13748,55.621838,14.894,36.89377,70.23152,-4.3381653,-2.6433983,-0.016021729,-9.373932,13.509613,0.0,0.0,0.0,0.0,0.1112940200872035,0.4244566408991932,-0.000121301732227,0.9946722408311236,False,0.4594729700778404,,,1.3191661834716797,0.8420710988259982,1.0591939687728882
312,Puka Nacua,WR,LA,302.89737,165.2294,453.3696,111.91311,15.08,27.216766,32.57608,71.884186,55.00194,7.190033,13.086639,18.610596,0.2703797197008815,0.0224266415081875,0.009629217940615,0.0699242836925279,0.1513191546804098,0.4273850996991157,0.0238526331952171,0.9818293069645876,False,0.528956228956229,,,2.0157461762428284,1.0783676229853214,1.0742706060409546
193,Jahmyr Gibbs,RB,DET,299.55325,163.19336,435.69144,111.59565,15.606,11.926544,8.116898,63.536987,59.970177,-15.931183,7.886261,26.220062,0.1303569135711993,0.526715848836954,0.657634318342945,0.1843965500893997,0.1499231916251425,0.3977798292692783,0.0050952669213471,1.0006848662147716,False,0.4286541483993713,,,1.7911078333854675,1.2185674561660187,1.0225846767425537
521,Jaxon Smith-Njigba,WR,SEA,283.00916,164.41719,413.52795,101.25998,15.84,1.960022,-2.834076,59.990417,49.732525,-0.08111572,-6.795227,0.5644531,0.2654053435777029,0.0122210567244637,0.0023173609699118,0.1152246710283459,0.1405985830746451,0.285522936462633,0.0033032852808487,1.01255678174596,False,0.4815431383902721,,,2.0256237983703613,1.4392716548639717,1.0621826648712158
475,Jalen Hurts,QB,PHI,281.2891,205.7593,344.45923,54.6027,14.708,37.033783,72.51869,3.2563477,2.2586632,0.25460815,-15.937714,6.894623,0.0,0.0,0.0,0.0,0.1257636651083655,0.456061236285385,-0.0257069245630155,0.9974740495484936,False,0.8473824312333629,,,1.1931445002555847,1.6549135513440152,1.0689207315444946
38,Lamar Jackson,QB,BAL,278.90018,190.10416,352.19623,65.91577,13.8,55.151398,101.509705,-1.1480103,-1.2517319,-4.4585266,2.0162354,18.55481,0.0,0.0,0.0,0.0,0.1380117918492103,0.5190721554036205,0.0,1.0,True,0.3649811726734803,,,0.989401876926422,2.950568501163706,1.1157469749450684
535,Christian McCaffrey,RB,SF,276.5302,135.99783,437.48642,117.26864,13.792,54.45746,60.621292,67.08432,51.489624,7.5603943,-5.046753,3.100769,0.1852119321637952,0.6196531337934866,0.6601561411478929,0.489477855153763,0.1395776308512003,0.4150714957788185,-0.0020939941264897,1.0311013569435277,False,0.3954033084467867,,,1.8310838341712952,1.1394425394725975,1.1406025886535645
122,Ja'Marr Chase,WR,CIN,268.51355,145.53207,406.93973,104.66814,15.122,21.267395,18.769867,71.06558,49.577736,-6.395508,20.568268,29.297516,0.2708116258409933,0.0095965359884265,0.001918295121401,0.0926763796978122,0.1471402401076878,0.43310969036016,0.0518904799433851,1.0074792976821438,False,0.4952131576794043,,,1.8882041573524475,0.9311834292760186,1.0381194353103638
364,De'Von Achane,RB,MIA,268.3018,144.96278,405.0316,106.87782,14.978,24.315643,16.689941,52.351868,52.22006,1.6535034,-0.1769104,-0.96990967,0.1552696105885135,0.5325060234774737,0.5739565811276233,0.2970888790671811,0.1040702857040609,0.3603501687453079,0.0,1.0,True,0.6645047716112295,,,1.9018642902374268,1.0169445343905732,1.0657029151916504
41,Derrick Henry,RB,BAL,268.1836,164.24637,377.45132,83.56236,15.396,10.643097,14.441025,41.098022,33.995235,5.2858276,1.7210999,41.75952,0.0651436765268903,0.7009738020735762,0.8544045399680541,0.5469567062528395,0.1380117918492103,0.5190721554036205,0.0,1.0,True,0.3649811726734803,,,1.83000648021698,1.1977018158897863,1.0609911680221558
46,Zay Flowers,WR,BAL,266.2436,147.79362,407.86298,96.746414,15.548,10.367462,10.197372,72.302,48.076996,13.780945,0.91571045,4.347931,0.2587471633126901,0.0190778544314604,0.0036372708710761,0.1208616417048643,0.1380117918492103,0.5190721554036205,0.0,1.0,True,0.3649811726734803,,,2.0467478036880493,0.8771687246441554,1.045454502105713
399,Drake Maye,QB,NE,261.07797,177.83865,325.72003,59.145477,14.306,43.359344,88.56592,-0.56256104,0.9602318,-1.067749,-9.483643,-5.8511353,0.0,0.0,0.0,0.0,0.1236389624959372,0.3638319989225167,-0.0165720935212336,1.0201499901873752,False,0.4355281666555027,,,1.258910059928894,0.9283614457884568,1.1178807020187378
388,Justin Jefferson,WR,MIN,257.2475,134.58994,384.48035,99.777855,15.334,20.65274,12.730728,62.98947,49.63416,-5.947937,10.119476,4.2968597,0.2715121517483784,0.0054967070657769,0.0007660839114619,0.0942128488709456,0.1600434327998587,0.3896957606338575,0.0267451506674542,0.998050360230593,False,0.925256561620198,,,1.7337302565574646,0.8866101329153162,1.051746487617493
285,Patrick Mahomes,QB,KC,256.95804,173.07916,321.506,57.963852,14.316,44.04547,87.52695,-1.2520447,-0.2915001,1.2060852,18.691925,19.07309,0.0,0.0,0.0,0.0,0.137750360963442,0.3419484179188272,0.0481820440920068,0.9766929310692876,False,0.3495589676576282,,,1.136430561542511,1.2305686120052646,1.0689655542373655
198,Amon-Ra St. Brown,WR,DET,256.66208,149.45334,387.9128,97.644135,15.834,10.601105,5.192047,84.14978,53.40709,5.4804688,0.7099457,7.8013916,0.2678880138515674,0.0075399072799249,0.0017081950057333,0.1128509521399214,0.1499231916251425,0.3977798292692783,0.0050952669213471,1.0006848662147716,False,0.4286541483993713,,,1.8116621375083923,1.2702380784353244,1.0607595443725586
160,CeeDee Lamb,WR,DAL,256.0706,130.3079,378.66663,99.012115,15.36,17.54779,17.746918,52.424408,48.434353,-6.2915344,8.756195,9.361465,0.2466130809933991,0.0165681763443672,0.0076649275191762,0.0726196969779963,0.1394550773363788,0.3293631905768475,0.010142808441509,0.981795692047315,False,0.5033726812816189,,,1.9044564366340635,0.9284429636852156,1.0928667783737185
209,Jordan Love,QB,GB,252.50426,178.87485,318.29318,57.81147,14.12,48.40117,84.88571,1.7898865,1.3956566,-0.37078857,-11.253647,2.3257904,0.0,0.0,0.0,0.0,0.1138460189524428,0.4017538368478901,-0.0038535665099792,1.0287958656801752,False,0.3548334818896361,,,1.251190423965454,1.002618679987111,1.1208055019378662
190,Jared Goff,QB,DET,251.78981,188.48978,304.88153,46.920734,14.872,29.681198,57.24884,-1.4555359,-0.10164261,-1.0751038,0.83898926,12.136871,0.0,0.0,0.0,0.0,0.1499231916251425,0.3977798292692783,0.0050952669213471,1.0006848662147716,False,0.4286541483993713,,,1.1660252213478088,0.7503452112869944,1.0672588348388672
171,Bo Nix,QB,DEN,250.89423,178.04668,310.35834,53.21989,14.422,34.80771,65.31949,-3.2784424,1.0707932,-2.052948,1.003952,11.2202,0.0,0.0,0.0,0.0,0.1079177124440923,0.3367956731608758,0.0081475376106117,0.9982335282057712,False,0.519899785254116,,,1.0351885855197906,1.6533444421524988,1.0585241317749023
60,James Cook III,RB,BUF,247.8015,132.49533,373.32843,94.18573,15.52,12.023727,17.95427,61.48654,45.570797,-4.864868,5.8316345,22.99321,0.0794985380846038,0.6097400544617263,0.6970925308024158,0.4107053023169724,0.1112940200872035,0.4244566408991932,-0.000121301732227,0.9946722408311236,False,0.4594729700778404,,,1.9156279563903809,1.038145980335857,1.064885497093201
266,Trevor Lawrence,QB,JAX,242.3856,165.7521,306.63025,56.80538,14.02,47.201553,82.29408,-1.9890442,0.27628326,-1.2068787,-2.6779327,-4.944763,0.0,0.0,0.0,0.0,0.1307967789733061,0.2971758028990063,0.0050748646142557,1.0038287251237363,False,0.398236092265943,,,1.012007474899292,1.1224876219186728,1.1219512224197388
478,Saquon Barkley,RB,PHI,240.72707,133.49747,364.87097,92.74832,14.844,22.830765,14.092819,53.248596,41.799824,7.269928,10.518799,35.449142,0.1111486904160923,0.6313577071300972,0.6005113295839879,0.4133690892764209,0.1257636651083655,0.456061236285385,-0.0257069245630155,0.9974740495484936,False,0.8473824312333629,,,1.91144335269928,1.049538182061523,1.0845637321472168
250,Jonathan Taylor,RB,IND,240.69101,125.82631,353.49194,87.40031,13.7,48.21945,51.18457,34.54059,26.078094,-9.011749,11.040131,14.321304,0.0947105951766837,0.7249956453431453,0.8029719260034761,0.5487501093377775,0.1247273352590742,0.5588868868982128,-0.0065445017950927,0.9827606286728532,False,0.4314789687924016,,,1.8354021310806272,1.311964678394767,1.088642716407776
323,Justin Herbert,QB,LAC,238.89255,160.79356,305.11984,54.115917,14.502,34.738464,74.794464,5.595093,2.2926292,9.643707,-3.344696,-11.446884,0.0,0.0,0.0,0.0,0.1261122202253332,0.3268830682101264,0.005461033624231,1.0332683268227256,False,0.4315741720852865,,,1.326826512813568,1.5830251747624504,1.090196132659912
212,Josh Jacobs,RB,GB,236.84357,128.69952,355.7927,89.53101,14.838,25.731995,21.593857,45.192993,36.00626,3.0653992,0.83258057,0.861969,0.1005564725532392,0.6026750683750072,0.794449784033435,0.4365952425833219,0.1138460189524428,0.4017538368478901,-0.0038535665099792,1.0287958656801752,False,0.3548334818896361,,,1.846892774105072,1.1281889247107677,1.037179470062256
117,Chase Brown,RB,CIN,233.76495,128.89677,354.63913,88.11773,15.13,15.489197,12.044434,55.886322,38.993793,-1.5827942,-7.6008606,-13.4943695,0.1092027949114993,0.6194702297110554,0.7418747411215685,0.4164113467981973,0.1471402401076878,0.43310969036016,0.0518904799433851,1.0074792976821438,False,0.4952131576794043,,,1.83332622051239,0.9470506802921246,1.05391526222229
551,Baker Mayfield,QB,TB,231.34659,155.80766,292.7675,52.268845,14.278,38.947906,77.771774,1.3716431,-0.13742447,2.486145,1.5787048,1.9450378,0.0,0.0,0.0,0.0,0.1326599254096101,0.3682656615316566,0.0102168002781305,1.019087608186837,False,0.8724547057880391,,,1.1968002319335938,2.722795558232983,1.1336032152175903
459,Breece Hall,RB,NYJ,226.54544,120.71014,343.75516,88.43988,14.592,28.801865,19.312004,50.697998,40.342182,0.08605957,4.516632,-3.031662,0.1177255276507138,0.5990137060767774,0.696897712986787,0.3764709736518382,0.1279879451716588,0.4203132315656706,-0.0248394610887128,1.009773637040308,False,0.3558851591638476,,,1.8893012404441831,1.0697066603485512,1.0970873832702637
15,Trey McBride,TE,ARI,224.11966,125.64491,333.88934,86.184685,15.766,4.034561,7.066284,64.39221,46.053364,-1.7330322,10.104965,8.705597,0.2258644874332726,0.0009454547200825,0.011076577585848,0.1784603827568084,0.1354945388129577,0.2518147078530476,0.0128423720766785,1.0057299991686912,False,0.4367641169403284,,,1.5146953463554382,1.1493429715786851,1.0586735010147097
345,Ashton Jeanty,RB,LV,222.9429,130.6179,334.3337,82.922516,15.652,15.46579,9.606277,51.17752,38.43948,8.460297,1.5332947,-32.610764,0.1233509334697575,0.6675115795015971,0.6792169218704533,0.4785296533148198,0.1224140550460232,0.4851974502007449,0.0,1.0,True,0.8254781733321132,,,1.877328634262085,1.049306224327976,1.0225564241409302
228,C.J. Stroud,QB,HOU,222.32756,151.7892,281.42645,51.229652,14.44,36.818314,69.88785,0.20803833,-0.08018494,2.4940186,-1.8258057,-7.2236786,0.0,0.0,0.0,0.0,0.1239619180366614,0.32340015184416,0.0116174936896796,1.0066790344008554,False,0.4292192841693993,,,1.0428639650344849,0.9975935557773924,1.0936280488967896
27,Drake London,WR,ATL,221.50041,114.43939,343.2564,89.89541,15.35,16.447845,19.378677,64.25751,45.696598,2.7059326,-3.6457214,-5.345276,0.2651021614046817,0.0021874146583689,0.0002465689637126,0.1661543206170175,0.1520177118315911,0.4114755841237087,-0.0059827158096396,1.0028623118456308,False,0.3287159920371599,,,2.1533013582229614,1.6385051575299416,1.027227759361267
114,Joe Burrow,QB,CIN,220.87912,148.16095,280.71417,51.6249,12.832,55.64966,91.03073,0.49822998,1.1507492,-1.6966553,17.45491,23.708313,0.0,0.0,0.0,0.0,0.1471402401076878,0.43310969036016,0.0518904799433851,1.0074792976821438,False,0.4952131576794043,,,1.4316214323043823,2.1590958604258534,1.217125415802002
307,Kyren Williams,RB,LA,220.57874,123.28978,322.32434,79.124695,14.872,25.616959,27.76007,37.14792,31.896648,-7.0831604,-3.82695,7.853195,0.0845759594216318,0.5958484803634143,0.656664949635393,0.3421047317808282,0.1513191546804098,0.4273850996991157,0.0238526331952171,0.9818293069645876,False,0.528956228956229,,,1.8482131361961365,0.981963644005098,1.0642201900482178
483,DeVonta Smith,WR,PHI,219.51994,114.61038,344.13614,91.05899,15.116,14.767441,15.006302,67.01807,44.994747,-1.3041687,-18.26564,-14.814438,0.2391104107742208,0.0022451904231229,0.0002230547901119,0.1489313637228238,0.1257636651083655,0.456061236285385,-0.0257069245630155,0.9974740495484936,False,0.8473824312333629,,,1.868143618106842,0.695501015258988,1.083221435546875
152,Dak Prescott,QB,DAL,217.19807,138.97505,286.50168,58.940784,12.636,63.205856,98.08165,-1.6390686,0.07603073,0.5391846,5.2093964,10.425339,0.0,0.0,0.0,0.0,0.1394550773363788,0.3293631905768475,0.010142808441509,0.981795692047315,False,0.5033726812816189,,,0.9843708872795104,1.020680478633075,1.1519536972045898
513,Sam Darnold,QB,SEA,216.66768,141.86563,284.24887,53.981796,13.11,55.12047,94.39099,2.1945496,-1.2328377,4.8101807,-6.643814,4.4378357,0.0,0.0,0.0,0.0,0.1405985830746451,0.285522936462633,0.0033032852808487,1.01255678174596,False,0.4815431383902721,,,1.4826087355613708,1.077431562838702,1.2026238441467283
95,Caleb Williams,QB,CHI,216.42654,149.01657,269.4931,48.500404,14.53,30.4189,61.58026,-1.8735657,0.54580307,2.5809326,-5.1423492,-6.115631,0.0,0.0,0.0,0.0,0.1187327241791947,0.3771973638719102,-0.0095964423250418,0.9918297047940632,False,0.3963857924253964,,,1.0517315864562988,1.459775638918573,1.08560311794281
402,Rhamondre Stevenson,RB,NE,216.18776,106.63158,348.99176,96.112465,14.574,27.02359,16.617691,72.28302,46.816727,-9.981842,2.6320038,2.8316803,0.0979370447053967,0.4803781145442277,0.6272265471821673,0.1325919808166806,0.1236389624959372,0.3638319989225167,-0.0165720935212336,1.0201499901873752,False,0.4355281666555027,,,2.1158613562583923,1.0349188353244214,1.093278408050537
589,Jayden Daniels,QB,WAS,214.7827,139.9957,284.93216,57.247223,13.01,58.428726,95.15329,1.2382812,0.77949905,3.4736328,-6.093155,-5.3423615,0.0,0.0,0.0,0.0,0.1085564630587701,0.2982102862904369,-0.0100617340773956,0.9912855940986504,False,0.3306882870450233,,,1.1200878620147705,2.4846837657559435,1.1915820837020874
304,Matthew Stafford,QB,LA,213.61803,130.61267,289.92175,60.924,12.402,73.7271,118.03522,4.1893616,0.56233597,2.143219,9.109146,16.027527,0.0,0.0,0.0,0.0,0.1513191546804098,0.4273850996991157,0.0238526331952171,0.9818293069645876,False,0.528956228956229,,,1.9121848344802856,0.8866854411461339,1.287081241607666
494,Aaron Rodgers,QB,PIT,212.52266,140.4888,274.8288,52.369526,13.678,48.03685,85.76672,5.3819275,0.5023613,5.8741455,12.03949,10.822357,0.0,0.0,0.0,0.0,0.1250571975970493,0.3560411456148076,0.0208030755019294,0.9626654370229948,True,0.3358395989974937,,,1.1513630151748655,1.6527768818904878,1.1192412376403809
532,Brock Purdy,QB,SF,209.5887,127.490944,281.82834,60.53618,12.808,63.7444,111.52421,-2.6154175,-0.17860794,-1.550354,-11.604645,-0.044052124,0.0,0.0,0.0,0.0,0.1395776308512003,0.4150714957788185,-0.0020939941264897,1.0311013569435277,False,0.3954033084467867,,,1.2597767114639282,2.061551347352623,1.2242424488067627
76,Bryce Young,QB,CAR,207.5215,139.58102,261.30063,49.059235,14.378,36.97682,71.44321,-6.515045,0.7577553,-0.7081604,-3.8969421,-7.1385193,0.0,0.0,0.0,0.0,0.1164321224601814,0.3295758613119898,-0.0085329743414401,1.0246330030709965,False,0.4680851063829787,,,1.0940605998039246,1.257995637334216,1.0625537633895874
502,DK Metcalf,WR,PIT,206.46434,111.04978,312.31793,84.208595,15.136,16.405396,8.525749,59.0291,42.39493,-8.743652,12.274612,8.817352,0.2144699632148677,0.0048421330021379,0.0007425652528442,0.04536446471454,0.1250571975970493,0.3560411456148076,0.0208030755019294,0.9626654370229948,True,0.3358395989974937,,,1.8378883004188535,0.931872193518402,1.0465116500854492
426,Chris Olave,WR,NO,206.40851,110.65673,325.52075,83.48037,14.142,35.91246,23.542458,52.67169,33.02657,-7.144745,0.63261414,0.6148834,0.2510002002373747,0.0030555357322151,0.0003817965955525,0.1539604617655494,0.1308987891119802,0.2932626321393197,0.0027110617239793,0.9802210990453571,False,0.4028631510837916,,,1.7651817798614502,0.8938065366966746,1.0949106216430664
274,Brian Thomas Jr.,WR,JAX,205.83116,107.069756,311.67322,81.510864,15.142,14.004639,13.8897705,45.967377,35.507477,2.273468,1.2167358,1.1825562,0.225421043255596,0.0131936301225867,0.0032179924682969,0.0626001052281021,0.1307967789733061,0.2971758028990063,0.0050748646142557,1.0038287251237363,False,0.398236092265943,,,1.8789228796958923,0.8163327236744996,1.0649350881576538
331,Ladd McConkey,WR,LAC,197.28514,99.115875,322.69684,81.94452,15.414,9.816895,16.135422,78.744675,41.278233,3.6262207,-4.0629272,-7.567047,0.2154959605488701,0.0019474464744186,0.000259259719277,0.0442013873150137,0.1261122202253332,0.3268830682101264,0.005461033624231,1.0332683268227256,False,0.4315741720852865,,,1.671916663646698,0.9238291319173934,1.053984522819519
380,Kyler Murray,QB,MIN,196.1803,118.34204,268.26132,59.332462,11.592,79.115295,117.176575,-6.3014526,-1.3084602,0.39169312,7.1297607,-0.79733276,0.0,0.0,0.0,0.0,0.1600434327998587,0.3896957606338575,0.0267451506674542,0.998050360230593,False,0.925256561620198,,,1.599816977977753,1.1562261845216972,1.3049180507659912
19,Tua Tagovailoa,QB,ATL,195.14908,123.33609,256.8513,50.360134,13.344,46.327652,83.490036,-2.4487,-2.0369873,6.6071014,-3.9243622,-4.2636414,0.0,0.0,0.0,0.0,0.1520177118315911,0.4114755841237087,-0.0059827158096396,1.0028623118456308,False,0.3287159920371599,,,1.514838695526123,1.005201541024796,1.1647727489471436
554,Bucky Irving,RB,TB,194.79305,96.52287,309.8816,87.18321,14.556,19.806107,12.604271,53.88237,42.995296,6.6877747,-2.0995636,-1.4791107,0.09225783711221,0.5458898564137266,0.3308123165707514,0.3311882709835432,0.1326599254096101,0.3682656615316566,0.0102168002781305,1.019087608186837,False,0.8724547057880391,,,2.056668281555176,1.1028817480326425,1.0945945978164673
300,Travis Kelce,TE,KC,194.48685,100.3541,299.40552,79.7032,15.39,15.591431,12.436554,49.44876,39.70956,-0.7330017,15.584961,16.2361,0.1977514620331764,0.0024144699499298,0.0495410519710999,0.1249627118863525,0.137750360963442,0.3419484179188272,0.0481820440920068,0.9766929310692876,False,0.3495589676576282,,,1.96930193901062,1.3379973198063742,1.0932090282440186
497,Jaylen Warren,RB,PIT,194.01259,95.726585,303.06543,86.39632,15.064,18.944855,5.4192047,49.919037,44.367104,-22.578796,-0.03742981,-1.4142609,0.1010973536747063,0.4412067547062366,0.4843454087395168,0.0561829892557854,0.1250571975970493,0.3560411456148076,0.0208030755019294,0.9626654370229948,True,0.3358395989974937,,,2.04375821352005,1.054406317813226,1.0409207344055176
0,Jacoby Brissett,QB,ARI,193.07184,118.24041,262.71176,55.16653,12.246,64.61853,105.82363,0.8871765,-2.0613976,5.4790344,6.7177734,6.827469,0.0,0.0,0.0,0.0,0.1354945388129577,0.2518147078530476,0.0128423720766785,1.0057299991686912,False,0.4367641169403284,,,1.2802777886390686,1.1119809276725614,1.2927215099334717
98,D'Andre Swift,RB,CHI,190.61374,96.82131,294.72208,77.07274,15.21,12.605957,16.663574,40.39836,34.63062,4.271118,2.3626404,7.85524,0.0964714698357302,0.520934161483516,0.5579352904405543,0.2139665990168485,0.1187327241791947,0.3771973638719102,-0.0095964423250418,0.9918297047940632,False,0.3963857924253964,,,1.7564898133277893,1.3215730803842096,1.045219659805298
236,Nico Collins,WR,HOU,190.52347,90.52737,302.45837,84.33452,13.874,32.148834,29.31501,53.162064,37.21318,1.6318054,1.3598633,-2.4643097,0.2261180927153248,0.0044127440737894,0.0006075482577774,0.107293411171099,0.1239619180366614,0.32340015184416,0.0116174936896796,1.0066790344008554,False,0.4292192841693993,,,2.033577680587769,2.5038810857871963,1.0728291273117063
437,Jaxson Dart,QB,NYG,189.23428,136.20741,238.666,41.54088,13.932,33.139114,54.93924,-5.7170258,-2.4004097,0.679718,-19.908157,-28.443909,0.0,0.0,0.0,0.0,0.1219595036765839,0.3114201937567469,-0.0379548155758191,1.0186691515658644,True,0.8426877470355731,,,1.1498656868934631,1.725892664377063,1.0987821817398071
547,George Kittle,TE,SF,189.16066,91.961105,293.30133,82.41,14.278,25.478195,28.668335,49.50879,37.49804,-5.9625244,-7.576309,-1.2783356,0.1887938889433709,0.0018964973479588,0.0001905223833465,0.112655152992746,0.1395776308512003,0.4150714957788185,-0.0020939941264897,1.0311013569435277,False,0.3954033084467867,,,1.9315159916877749,0.5785540514297883,1.1389684677124023
161,George Pickens,WR,DAL,188.7877,106.706566,286.0608,74.719765,15.7,-1.3291016,-5.9749985,54.376007,38.35496,-3.8067627,4.319412,10.442932,0.1739933840154028,0.0043171057034887,0.0006607239693276,-0.0726196969779963,0.1394550773363788,0.3293631905768475,0.010142808441509,0.981795692047315,False,0.5033726812816189,,,2.013944923877716,0.7459797506178824,1.060489058494568
464,Garrett Wilson,WR,NYJ,188.07811,97.80207,301.04196,79.72158,14.526,24.66655,24.434425,55.138733,36.131416,4.79364,-7.8871307,-17.903229,0.2602971816896862,0.0059694943996414,0.0009840237282061,0.1368615648803051,0.1279879451716588,0.4203132315656706,-0.0248394610887128,1.009773637040308,False,0.3558851591638476,,,2.008472442626953,0.998175363574032,1.086137294769287
573,Tony Pollard,RB,TEN,187.62688,96.50075,294.62448,79.53828,15.642,3.6842194,2.4268265,49.197556,42.784115,13.116669,-4.84375,-19.36856,0.0895773388499946,0.5617704275556944,0.5651751473500982,0.3188594492651821,0.1057068842222317,0.3941290958894349,0.0262375072255626,0.9953117372204984,True,0.3920977877248859,,,1.922064423561096,1.2229323820064508,1.040506362915039
179,Courtland Sutton,WR,DEN,187.14465,95.81505,286.91406,78.1872,15.448,9.306473,11.215622,55.92427,42.040157,-8.108765,2.4891052,5.0849304,0.20610477063123,0.001711391343954,0.0001733941224787,0.0809933747116267,0.1079177124440923,0.3367956731608758,0.0081475376106117,0.9982335282057712,False,0.519899785254116,,,1.5204008221626282,0.9635309076221418,1.032663345336914
597,Terry McLaurin,WR,WAS,186.27368,94.97663,289.86957,80.425026,14.73,16.59697,14.108772,48.60771,37.847622,1.548706,-5.0514526,-7.5848694,0.2183499559989562,0.004349408474593,0.0005735250678604,0.0782972882288878,0.1085564630587701,0.2982102862904369,-0.0100617340773956,0.9912855940986504,False,0.3306882870450233,,,1.9817500710487368,0.8912343323704054,1.0483028888702393
570,Cam Ward,QB,TEN,186.18706,123.36081,241.24191,43.95879,14.214,31.033875,58.387787,-5.1203003,-1.6883888,3.8925476,7.6322174,-3.6306763,0.0,0.0,0.0,0.0,0.1057068842222317,0.3941290958894349,0.0262375072255626,0.9953117372204984,True,0.3920977877248859,,,1.1163772344589231,1.2399876944117958,1.115384578704834
79,Chuba Hubbard,RB,CAR,185.32352,89.36628,283.7566,78.427734,15.048,17.148117,17.156769,38.739532,38.77132,-13.71756,2.3002625,-3.3990936,0.0895324303317483,0.5043250620412624,0.7038617072682293,0.2845797111386068,0.1164321224601814,0.3295758613119898,-0.0085329743414401,1.0246330030709965,False,0.4680851063829787,,,1.939480721950531,1.1209997994104752,1.082446813583374
418,Tyler Shough,QB,NO,184.3583,114.04412,249.2856,53.66669,12.552,60.475662,97.35369,-4.4717255,0.6407814,-5.128174,-0.47685242,-3.088028,0.0,0.0,0.0,0.0,0.1308987891119802,0.2932626321393197,0.0027110617239793,0.9802210990453571,False,0.4028631510837916,,,1.4947136044502258,1.137804110222648,1.253521203994751
84,Tetairoa McMillan,WR,CAR,183.767,97.04363,279.6434,75.736725,15.37,9.441513,7.735176,47.930115,36.1363,-1.7935791,-4.589218,-7.9167786,0.2202403442115387,0.0025770957327957,0.0003198339795039,0.085102464017808,0.1164321224601814,0.3295758613119898,-0.0085329743414401,1.0246330030709965,False,0.4680851063829787,,,1.8801124095916748,0.8723396201483611,1.035989761352539
456,Geno Smith,QB,NYJ,183.72516,120.86061,234.71834,43.5068,14.076,32.791412,62.504654,1.601532,-0.053077698,0.4340515,-6.9453278,-19.98088,0.0,0.0,0.0,0.0,0.1279879451716588,0.4203132315656706,-0.0248394610887128,1.009773637040308,False,0.3558851591638476,,,1.1023423075675964,1.2619972295871298,1.0904324054718018
383,Aaron Jones Sr.,RB,MIN,183.41028,87.053986,297.09674,81.05645,14.118,27.934875,19.341225,60.032623,38.29289,6.2738647,-6.074707,-10.817551,0.1097735437151098,0.5294402376832208,0.4915844732300717,0.2103465589199799,0.1600434327998587,0.3896957606338575,0.0267451506674542,0.998050360230593,False,0.925256561620198,,,2.1245976090431213,0.918542219008292,1.1216022968292236
155,Javonte Williams,RB,DAL,181.37006,82.75131,289.75726,79.00791,13.912,29.318283,28.306747,43.095184,32.19101,10.886932,1.7652435,0.81741333,0.090726882908657,0.5055120346139964,0.7496259880917966,0.2791076211584005,0.1394550773363788,0.3293631905768475,0.010142808441509,0.981795692047315,False,0.5033726812816189,,,2.0215725898742676,1.106185687379188,1.0703448057174685
559,Emeka Egbuka,WR,TB,180.84491,99.469,269.97653,69.42695,15.492,4.4059296,-2.3107605,38.07077,33.49891,-10.196533,-0.54104614,-0.5453644,0.2134290653459991,0.0056027228515083,0.0241221650786135,0.0292976955378149,0.1326599254096101,0.3682656615316566,0.0102168002781305,1.019087608186837,False,0.8724547057880391,,,1.76603102684021,0.9684257873108734,1.0357142686843872
357,Brock Bowers,TE,LV,180.79636,93.74858,289.47302,74.91921,15.23,12.042923,12.253174,54.89673,34.870525,4.6040955,1.5191193,-9.149429,0.2097644632630928,0.0083123420051753,0.0018861777644078,0.1181134907843027,0.1224140550460232,0.4851974502007449,0.0,1.0,True,0.8254781733321132,,,1.9686510562896729,0.651317269057823,1.0900661945343018
516,Zach Charbonnet,RB,SEA,180.38406,92.47521,285.03857,73.117615,15.644,6.5109406,0.024902344,49.413696,36.150024,2.0184631,0.30784607,3.1077576,0.0725699219903738,0.4411294380792058,0.646718045848296,0.1993527304017422,0.1405985830746451,0.285522936462633,0.0033032852808487,1.01255678174596,False,0.4815431383902721,,,1.9029351472854616,1.0197540847174058,1.0264817476272583
247,Daniel Jones,QB,IND,180.27321,109.34983,246.58391,54.427746,11.816,70.89644,105.559654,-6.1081696,-2.0639343,-5.987808,-7.741577,-4.4121094,0.0,0.0,0.0,0.0,0.1247273352590742,0.5588868868982128,-0.0065445017950927,0.9827606286728532,False,0.4314789687924016,,,1.574013352394104,0.9323004145554974,1.3029316663742063
422,Alvin Kamara,RB,NO,179.64313,80.63229,309.7606,89.433495,13.566,30.665115,12.605652,63.72238,41.303684,8.475037,3.0901947,-2.9168854,0.1246554630666289,0.4017992967980729,0.3987990660377886,0.0760967601893015,0.1308987891119802,0.2932626321393197,0.0027110617239793,0.9802210990453571,False,0.4028631510837916,,,2.2071258425712585,0.9645466023549324,1.1319340467453003
313,Davante Adams,WR,LA,178.12703,86.58672,278.69873,75.84439,14.748,18.24823,19.495148,49.612656,34.411076,3.9593506,5.4902496,9.80954,0.2004554360083536,0.0030136773245859,0.0003496652988768,-0.0699242836925279,0.1513191546804098,0.4273850996991157,0.0238526331952171,0.9818293069645876,False,0.528956228956229,,,1.6759238243103027,1.1623492353614155,1.0380576848983765
218,Jayden Reed,WR,GB,176.29631,90.60762,274.0079,73.31717,14.204,17.118484,13.9746475,39.763138,31.046482,4.0026245,-6.237564,-1.2355957,0.1604619555892325,0.0254482678423584,0.0069289137855277,-0.0210158268171118,0.1138460189524428,0.4017538368478901,-0.0038535665099792,1.0287958656801752,False,0.3548334818896361,,,2.1642937064170837,1.0033845556185823,1.0961003303527832
293,Rashee Rice,WR,KC,175.07062,86.55047,282.59232,75.63163,12.808,47.9843,32.041634,41.09433,24.263931,13.0017395,13.618912,13.777206,0.2236651062922852,0.0135228462058901,0.0533173921574959,0.0675499956598039,0.137750360963442,0.3419484179188272,0.0481820440920068,0.9766929310692876,False,0.3495589676576282,,,1.9663519263267517,0.951074284498676,1.141756534576416
294,Xavier Worthy,WR,KC,173.15186,84.14356,264.32404,73.74654,15.116,-3.9719543,-0.39761353,39.408615,32.531082,-7.237976,15.245636,14.003159,0.1561151106324813,0.0325515046633751,0.0188017533641981,-0.0675499956598039,0.137750360963442,0.3419484179188272,0.0481820440920068,0.9766929310692876,False,0.3495589676576282,14.208953857421877,Rashee Rice,1.8370035886764529,1.0931883218213638,1.0473145246505735
288,Kenneth Walker III,RB,KC,172.39246,81.67036,277.0122,77.62891,14.558,21.17218,13.687538,48.20581,37.83637,8.177734,-3.7766113,-2.4611511,0.0814424315882685,0.5345413260907251,0.6021132001241185,0.3516004811576972,0.137750360963442,0.3419484179188272,0.0481820440920068,0.9766929310692876,False,0.3495589676576282,,,2.0792815685272217,1.0840062003369055,1.0828877687454224
199,Jameson Williams,WR,DET,171.35625,78.29583,276.1354,80.06108,14.682,13.741287,12.129845,56.41086,37.726906,-2.9170532,1.1773834,4.825165,0.1550370617116459,0.0146759978380968,0.01336438224991,-0.1128509521399214,0.1499231916251425,0.3977798292692783,0.0050952669213471,1.0006848662147716,False,0.4286541483993713,,,1.975679099559784,1.3046295381443442,1.0605263710021973
136,Quinshon Judkins,RB,CLE,170.86813,87.16348,271.4575,73.7848,15.094,14.239471,12.568352,42.029205,32.9645,5.279999,-1.5357513,-19.380783,0.0811072388104893,0.5958510356165849,0.6240487115889873,0.4066086959681189,0.1163633892976901,0.4069750930020927,0.0,1.0,True,0.4418331374853114,,,2.1921175718307495,0.9339921305423976,1.0912752151489258
123,Tee Higgins,WR,CIN,169.9419,86.67814,269.5538,74.04648,14.102,21.253357,17.020264,47.09706,31.820652,10.707764,13.723236,19.834885,0.178135246143181,0.0018316483411844,0.0001887704726576,-0.0926763796978122,0.1471402401076878,0.43310969036016,0.0518904799433851,1.0074792976821438,False,0.4952131576794043,,,1.7293237447738647,1.4709155868779624,1.099300742149353
141,Jerry Jeudy,WR,CLE,168.72562,91.2874,261.86063,69.11289,15.61,4.8263245,5.830574,47.873978,35.461132,8.770142,0.64653015,-4.884857,0.2095693021127042,0.0034818687857128,0.0005998783717465,0.1115790379704806,0.1163633892976901,0.4069750930020927,0.0,1.0,True,0.4418331374853114,,,2.1177507042884827,1.1851729868208971,1.013597011566162
407,A.J. Brown,WR,NE,164.91165,88.784615,265.28363,70.9698,15.076,10.332947,3.9668808,50.465256,35.426247,-0.6648865,-9.05043,-5.6364594,0.1868771777601831,0.0040214075389729,0.0006409650149719,0.0668807998040472,0.1236389624959372,0.3638319989225167,-0.0165720935212336,1.0201499901873752,False,0.4355281666555027,,,1.9513959884643557,1.0536224206291995,1.0587466955184937
217,Christian Watson,WR,GB,162.49109,78.47383,268.24155,74.17185,13.454,29.323593,19.23671,45.61348,28.390106,11.648621,-2.7453613,1.1648712,0.1814777824063443,0.0085906872870023,0.0015100138254671,0.0210158268171118,0.1138460189524428,0.4017538368478901,-0.0038535665099792,1.0287958656801752,False,0.3548334818896361,,,2.042795777320862,1.014480649837861,1.1034985780715942
34,Kyle Pitts Sr.,TE,ATL,162.21353,80.19577,252.36775,70.55379,15.276,13.933456,11.033989,53.000824,36.853764,-0.6957092,-4.4908295,-3.5785828,0.1794337730553483,0.0006344489273515,4.340156557227956e-05,0.1140498287460398,0.1520177118315911,0.4114755841237087,-0.0059827158096396,1.0028623118456308,False,0.3287159920371599,,,1.5339093208312988,1.5679495815926243,1.022727370262146
66,Khalil Shakir,WR,BUF,161.80815,87.58361,259.06116,70.9608,15.378,4.355789,0.84872437,56.708984,36.167034,5.735565,-3.8117523,1.9863281,0.1671939146490136,0.0043163814374123,0.0006990538653424,0.0273007891612744,0.1112940200872035,0.4244566408991932,-0.000121301732227,0.9946722408311236,False,0.4594729700778404,,,2.1735920906066895,1.0561559185960367,1.0682989358901978
361,Malik Willis,QB,MIA,160.80122,85.84792,231.1746,55.099075,10.556,87.42264,126.47405,4.739502,0.12728119,-0.8591919,0.10725403,4.4722137,0.0,0.0,0.0,0.0,0.1040702857040609,0.3603501687453079,0.0,1.0,True,0.6645047716112295,,,1.4337908029556274,1.438320520067788,1.3822463750839231
389,Jordan Addison,WR,MIN,159.5167,74.92024,247.68372,67.854706,15.072,7.622101,16.684708,41.69319,30.627937,-6.0727997,3.8125763,3.3850403,0.1772993028774327,0.0066749532180186,0.0010171395748258,-0.0942128488709456,0.1600434327998587,0.3896957606338575,0.0267451506674542,0.998050360230593,False,0.925256561620198,,,1.9742887020111084,0.7433983470371767,1.0408684015274048
350,Tre Tucker,WR,LV,159.23901,83.804344,253.8739,65.29679,15.64,8.769012,3.3515625,61.08185,33.52043,-0.8184967,0.42282104,-10.229767,0.1685434638075486,0.0247753814100828,0.024121922615975,0.0599310413350126,0.1224140550460232,0.4851974502007449,0.0,1.0,True,0.8254781733321132,,,1.8633397817611697,1.4571903329235234,1.0506329536437988
326,Omarion Hampton,RB,LAC,158.87935,71.96742,253.38707,78.37421,13.808,26.468872,19.634193,38.74945,35.78456,-0.3821106,-3.9770508,-11.718475,0.0937078278167326,0.4465760528129991,0.4977401015015851,0.1137062064480484,0.1261122202253332,0.3268830682101264,0.005461033624231,1.0332683268227256,False,0.4315741720852865,,,2.222152590751648,1.1490339158254592,1.1461650133132937
9,Michael Wilson,WR,ARI,157.43973,78.81094,244.85661,68.36062,15.114,3.583664,2.8140335,38.677017,30.796646,-9.27565,4.1015625,2.5406342,0.1666992275221687,0.0021541288012607,0.0001861478814904,-0.0250861288878284,0.1354945388129577,0.2518147078530476,0.0128423720766785,1.0057299991686912,False,0.4367641169403284,,,1.7135780453681946,1.0755770212941504,1.0710526704788208
276,Jakobi Meyers,WR,JAX,157.14275,72.522285,248.69502,67.9818,14.774,9.524033,14.203331,53.320724,33.65686,-6.492218,-0.7757263,-0.81796265,0.1628209380274938,0.010398509276242,0.0313711705564801,-0.0626001052281021,0.1307967789733061,0.2971758028990063,0.0050748646142557,1.0038287251237363,False,0.398236092265943,,,1.791359007358551,1.282669567931635,1.0665779113769531
262,Tyler Warren,TE,IND,156.46677,79.95762,240.16539,65.98171,15.538,8.2715,3.8327484,40.46234,31.897541,-0.561615,-2.725174,-1.5970612,0.1889529138240064,0.0104407144991705,0.0440382381518124,0.1325164278434052,0.1247273352590742,0.5588868868982128,-0.0065445017950927,0.9827606286728532,False,0.4314789687924016,,,1.890783667564392,1.2626539755298565,1.0432020425796509
231,David Montgomery,RB,HOU,156.3374,78.97812,250.82527,69.76532,14.498,14.859161,-0.4319687,47.642593,30.26661,-5.2882233,-0.71640015,-10.108902,0.0627808759199246,0.4142049428557212,0.5792461279819895,0.0491986351873887,0.1239619180366614,0.32340015184416,0.0116174936896796,1.0066790344008554,False,0.4292192841693993,,,1.9704965949058533,1.3790597283735568,1.0803813934326172
541,Deebo Samuel,WR,SF,155.48842,82.71306,239.01968,67.282745,14.718,5.972275,4.306328,37.017273,31.06512,-5.2882233,-2.3595886,1.8424377,0.1674603163882368,0.0438881502425367,0.0421304656297313,0.0162712554064876,0.1395776308512003,0.4150714957788185,-0.0020939941264897,1.0311013569435277,False,0.3954033084467867,,,2.005441725254059,1.2549850235077384,1.0912806987762451
275,Parker Washington,WR,JAX,155.37878,79.42415,240.2076,67.55942,15.486,-1.4515533,-2.658043,37.81131,31.784817,0.31976318,1.0260162,0.8717346,0.157131097067763,0.0130063811404585,0.0331316060717272,-0.068289946187833,0.1307967789733061,0.2971758028990063,0.0050748646142557,1.0038287251237363,False,0.398236092265943,,,2.058132767677307,1.824518795943369,1.029077172279358
421,Travis Etienne Jr.,RB,NO,154.81708,77.121315,244.90805,69.37569,15.592,-3.2446594,-13.43261,40.29393,34.05338,9.382233,3.645218,-6.761429,0.0869751076523621,0.3257025366087714,0.414447311431093,-0.0760967601893015,0.1308987891119802,0.2932626321393197,0.0027110617239793,0.9802210990453571,False,0.4028631510837916,7.417098999023437,Alvin Kamara,1.893056094646454,1.1184426010268005,1.031055927276611
441,Tyrone Tracy Jr.,RB,NYG,154.58694,71.252815,253.78549,72.52868,15.162,-1.1023712,-0.623436,54.60698,35.714596,3.405426,3.2436523,-2.3543396,0.0824572138863295,0.3691858011023939,0.1888637064158276,0.0316068288436584,0.1219595036765839,0.3114201937567469,-0.0379548155758191,1.0186691515658644,True,0.8426877470355731,,,2.074402391910553,1.142053847148685,1.0978552103042605
503,Michael Pittman Jr.,WR,PIT,154.58472,78.33849,240.938,64.849014,15.424,2.227829,1.9743423,44.582672,31.887985,2.7029724,7.6881256,6.5943756,0.1691054985003277,0.0042566932279826,0.0006199897601676,-0.04536446471454,0.1250571975970493,0.3560411456148076,0.0208030755019294,0.9626654370229948,True,0.3358395989974937,,,1.7453058958053589,0.7006549282830785,1.0494924783706665
8,Marvin Harrison Jr.,WR,ARI,152.46716,78.89311,236.34523,63.22746,14.76,12.434814,8.377449,38.456192,27.971058,-0.5615692,5.7621765,2.5340576,0.1917853564099972,0.0019968138677543,0.0001711505017627,0.0250861288878284,0.1354945388129577,0.2518147078530476,0.0128423720766785,1.0057299991686912,False,0.4367641169403284,,,1.721872091293335,1.494562974111939,1.0656836032867432
53,Mark Andrews,TE,BAL,152.28171,73.2205,245.17336,69.934074,14.796,15.526672,13.607101,54.509766,34.904102,1.5617981,-0.18966675,2.2680206,0.1691513668669698,0.0133214206746835,0.0541660935487189,0.1225656676615336,0.1380117918492103,0.5190721554036205,0.0,1.0,True,0.3649811726734803,,,1.939620554447174,0.9710737999767866,1.090909123420715
498,Rico Dowdle,RB,PIT,151.62811,67.78646,245.39302,72.52265,15.258,5.86322,8.99881,51.266678,37.97119,-0.9077606,1.5735626,-5.483429,0.0655506546556692,0.3850237654504512,0.4426049535207568,-0.0561829892557854,0.1250571975970493,0.3560411456148076,0.0208030755019294,0.9626654370229948,True,0.3358395989974937,,,2.1390517950057983,1.0524068742470534,1.05391526222229
103,Rome Odunze,WR,CHI,150.5069,75.369095,241.30138,68.37076,14.888,10.390671,6.8713226,48.922302,32.32655,4.984726,-3.276703,-6.9649963,0.214147590816446,0.004158275123261,0.0005236604654517,0.0850931039438639,0.1187327241791947,0.3771973638719102,-0.0095964423250418,0.9918297047940632,False,0.3963857924253964,,,2.16887891292572,0.7408301420120782,1.0858652591705322
255,Alec Pierce,WR,IND,150.25691,75.66684,232.3801,63.5947,15.254,11.209518,7.6680984,33.71855,28.8791,-14.828201,-7.741623,-5.0609283,0.17179196670101,0.0016516751462324,0.0001558712707887,-0.0151297784493493,0.1247273352590742,0.5588868868982128,-0.0065445017950927,0.9827606286728532,False,0.4314789687924016,,,1.563050925731659,1.3877774342794402,1.0446999073028564
342,Kirk Cousins,QB,LV,149.50003,83.70256,214.16602,49.98818,11.372,66.506424,97.31355,2.82695,1.8237152,3.2661438,0.62457275,-13.811676,0.0,0.0,0.0,0.0,0.1224140550460232,0.4851974502007449,0.0,1.0,True,0.8254781733321132,,,1.511297345161438,1.0530784770495487,1.3908451795578003
403,TreVeyon Henderson,RB,NE,149.36076,67.168045,241.80475,69.133316,15.584,-3.7450104,-3.992382,48.354904,35.601086,-9.657486,2.2747803,2.489334,0.0682522952854323,0.3477861337275471,0.2858212132095767,-0.1325919808166806,0.1236389624959372,0.3638319989225167,-0.0165720935212336,1.0201499901873752,False,0.4355281666555027,,,2.060726821422577,1.038270068783507,1.045976996421814
332,Quentin Johnston,WR,LAC,148.57234,70.66807,241.32338,67.42973,15.066,7.5906067,7.7805557,46.915405,31.40755,0.22511292,-3.6692047,-4.623474,0.1712945732338564,0.0071884586209884,0.001602527837194,-0.0442013873150137,0.1261122202253332,0.3268830682101264,0.005461033624231,1.0332683268227256,False,0.4315741720852865,,,1.8957392573356628,1.1226254099679904,1.0436457395553589
205,Sam LaPorta,TE,DET,148.39886,75.37473,243.38838,66.25469,14.802,12.582825,11.240082,45.203674,28.630241,1.5061798,-0.76156616,4.065918,0.1561487968883755,0.0008518384644235,8.067243867798733e-05,0.1011338520270128,0.1499231916251425,0.3977798292692783,0.0050952669213471,1.0006848662147716,False,0.4286541483993713,,,1.715993046760559,1.36125437857981,1.0815508365631104
175,RJ Harvey,RB,DEN,148.00499,69.54725,241.82712,67.647865,15.46,-8.238785,-4.640663,50.01996,34.599346,3.8481598,0.46102905,3.5730133,0.0677911280443806,0.2898586566096456,0.3255872094743156,-0.1830347465049345,0.1079177124440923,0.3367956731608758,0.0081475376106117,0.9982335282057712,False,0.519899785254116,,,2.0148847699165344,1.119830676446095,1.050452709197998
224,Tucker Kraft,TE,GB,147.34123,70.029884,235.0453,69.0783,14.888,10.630524,4.2629776,42.455048,32.15463,-2.3598022,-6.784561,0.7051697,0.146564175663589,0.0037642652455057,0.0004767188380636,0.0719768949353303,0.1138460189524428,0.4017538368478901,-0.0038535665099792,1.0287958656801752,False,0.3548334818896361,,,1.9357144236564636,0.8219668376231863,1.0513157844543457
256,Josh Downs,WR,IND,147.10722,73.06636,229.028,62.55608,15.36,7.4570465,5.2930984,44.643005,31.779194,-4.498886,-4.994919,-2.7100525,0.1869217451503593,0.0044688009574767,0.0006309391237169,0.0151297784493493,0.1247273352590742,0.5588868868982128,-0.0065445017950927,0.9827606286728532,False,0.4314789687924016,,,1.7443671822547913,1.0689411211959423,1.0416141748428345
72,Dalton Kincaid,TE,BUF,146.38194,74.320724,232.66246,62.597652,14.9,12.104736,13.068939,44.407425,26.984802,2.3265991,-4.776535,3.058014,0.1469402569758351,0.0005776576468191,4.212323763182969e-05,0.0620785805767929,0.1112940200872035,0.4244566408991932,-0.000121301732227,0.9946722408311236,False,0.4594729700778404,,,1.7907770872116089,0.8353366004694275,1.0772356986999512
593,Rachaad White,RB,WAS,146.0812,68.03789,228.94649,65.350746,15.508,-2.7453613,-0.3731079,36.125565,31.329372,-0.106933594,5.172867,7.860794,0.0652383079053354,0.2978444628870904,0.4210763212965867,-0.1340521907015217,0.1085564630587701,0.2982102862904369,-0.0100617340773956,0.9912855940986504,False,0.3306882870450233,,,1.8745521306991575,1.2239857046949094,1.04387104511261
148,Harold Fannin Jr.,TE,CLE,145.74171,75.11091,223.17244,58.894943,15.542,8.295334,10.645424,33.744904,25.499184,1.4743805,0.5991974,-5.5952606,0.1810763212757013,0.0124916241752054,0.0293556478500699,0.15098223367401,0.1163633892976901,0.4069750930020927,0.0,1.0,True,0.4418331374853114,,,1.9501622915267944,1.7403143330150403,1.0506329536437988
445,Malik Nabers,WR,NYG,144.75725,67.28067,239.50839,67.57284,13.376,31.954834,29.074188,29.200607,24.149006,-1.3617401,-18.547653,-21.569092,0.2295572040395715,0.0070851218671688,0.0015830902471975,0.0882958370609543,0.1219595036765839,0.3114201937567469,-0.0379548155758191,1.0186691515658644,True,0.8426877470355731,,,2.124876022338867,0.9039083965936804,1.1407185792922974
414,Hunter Henry,TE,NE,144.2938,70.31141,231.47145,63.321503,15.33,14.151764,10.362587,48.25435,31.643642,-0.7136078,-7.641861,-4.4838257,0.1644974486126672,0.0004222901232349,2.3483638672228563e-05,0.1633648963544727,0.1236389624959372,0.3638319989225167,-0.0165720935212336,1.0201499901873752,False,0.4355281666555027,,,1.6938523054122925,0.9388327013540584,1.0433120727539062
490,Dallas Goedert,TE,PHI,143.9712,66.79011,233.23929,68.75165,13.426,32.113663,24.859306,44.345505,27.991867,0.85624695,-12.648102,-8.317444,0.1767513435746794,0.000803246447218,5.511318417221636e-05,0.1336604294606229,0.1257636651083655,0.456061236285385,-0.0257069245630155,0.9974740495484936,False,0.8473824312333629,,,1.643755316734314,1.000419252729331,1.0798319578170776
65,DJ Moore,WR,BUF,143.7039,71.29163,235.58275,70.19041,15.816,0.35688782,-0.84755707,53.38745,39.34011,6.117981,-3.1123962,1.6283722,0.1398931254877392,0.0187485331807235,0.005912024972817,-0.0273007891612744,0.1112940200872035,0.4244566408991932,-0.000121301732227,0.9946722408311236,False,0.4594729700778404,,,2.244561791419983,1.5315451387662558,1.0743589401245115
560,Chris Godwin Jr.,WR,TB,143.0054,67.2874,231.40462,64.02324,13.242,27.088654,19.675117,34.824646,25.667015,3.2876434,1.0654907,0.021896362,0.1841313698081841,0.0052568158812603,0.000811043730351,-0.0292976955378149,0.1326599254096101,0.3682656615316566,0.0102168002781305,1.019087608186837,False,0.8724547057880391,,,1.811789333820343,1.186052036233705,1.1160714626312256
167,Jake Ferguson,TE,DAL,140.46112,70.809456,220.58263,60.094536,15.554,7.85141,0.6287918,45.96779,29.753885,4.7033234,2.935196,6.9705963,0.1516601418328078,0.0014152415128983,0.0001337733625979,0.1098166251650996,0.1394550773363788,0.3293631905768475,0.010142808441509,0.981795692047315,False,0.5033726812816189,,,1.614772915840149,0.7557476001419491,1.064682960510254
243,Dalton Schultz,TE,HOU,140.3179,70.301636,220.97603,60.587852,15.268,7.4351196,5.009384,40.869827,28.319298,-3.2568207,-0.72016907,-1.8476257,0.1641651313813154,0.0004127602374052,2.1870945737412444e-05,0.1143164232613845,0.1239619180366614,0.32340015184416,0.0116174936896796,1.0066790344008554,False,0.4292192841693993,,,1.4375749230384829,0.9035646591693806,1.0474358797073364
433,Juwan Johnson,TE,NO,140.15277,71.29208,223.00456,60.959785,15.192,10.054886,9.419258,41.91902,28.698364,-1.8284149,-0.051742554,0.8867645,0.1538505685020871,0.0003594737456064,1.8480039658206023e-05,0.0825215779705017,0.1308987891119802,0.2932626321393197,0.0027110617239793,0.9802210990453571,False,0.4028631510837916,,,1.5952689051628113,1.2285070215699938,1.0812581777572632
509,Pat Freiermuth,TE,PIT,139.30377,70.66736,219.65779,60.680325,15.236,8.975174,12.897514,39.500275,28.23938,4.8121796,7.9763947,8.860779,0.1396314837648274,0.0004215246021779,2.4346431856304857e-05,0.0594795381863434,0.1250571975970493,0.3560411456148076,0.0208030755019294,0.9626654370229948,True,0.3358395989974937,,,1.75898540019989,1.4475127442836502,1.0656168460845947
395,T.J. Hockenson,TE,MIN,138.0599,62.068577,228.83678,64.129776,14.514,19.35402,21.387241,45.087265,28.862213,3.0374908,7.6006775,2.409378,0.1631954388378664,0.0017289048971138,0.0001538335633695,0.1056307781749759,0.1600434327998587,0.3896957606338575,0.0267451506674542,0.998050360230593,False,0.925256561620198,,,1.7031915187835691,1.2763761315385032,1.1009682416915894
110,Colston Loveland,TE,CHI,138.01811,69.751656,222.05037,61.32561,15.566,4.3670044,4.0225677,49.096542,31.161871,-0.15545654,-5.2033997,-6.6517334,0.1505243956558247,0.0020671378584257,0.0002051823663407,0.0452259052610281,0.1187327241791947,0.3771973638719102,-0.0095964423250418,0.9918297047940632,False,0.3963857924253964,,,1.7594833970069883,1.055396053142709,1.066062092781067
574,Tyjae Spears,RB,TEN,136.46124,55.24438,231.23355,78.53886,14.796,7.096878,-0.11779022,60.162155,47.304924,-13.773087,-0.15208435,-7.816208,0.0970291265302637,0.2429109782905122,0.2171414832472783,-0.3188594492651821,0.1057068842222317,0.3941290958894349,0.0262375072255626,0.9953117372204984,True,0.3920977877248859,,,2.367386221885681,1.0957698180806508,1.0474307537078855
555,Kenny Gainwell,RB,TB,134.13202,54.467648,234.96078,73.58786,15.2,-1.4637451,-2.5656166,69.61391,43.398727,4.224945,-0.6400299,-0.9755249,0.075475946635702,0.2147015854301833,0.2586634235677286,-0.3311882709835432,0.1326599254096101,0.3682656615316566,0.0102168002781305,1.019087608186837,False,0.8724547057880391,,,2.4190655946731567,1.0384981357483491,1.00377357006073
592,Jacory Croskey-Merritt,RB,WAS,133.9205,64.90724,217.13643,60.038258,14.726,8.209686,4.968178,34.821518,27.487507,9.495056,6.088127,10.309181,0.0453461315211235,0.4318966535886121,0.3192556063328864,0.1340521907015217,0.1085564630587701,0.2982102862904369,-0.0100617340773956,0.9912855940986504,False,0.3306882870450233,,,1.965714156627655,1.218359044429535,1.09863018989563
598,Stefon Diggs,WR,WAS,133.0711,67.37081,224.6345,62.730038,14.51,11.436584,6.644867,55.327515,29.828724,3.8600616,-5.6802063,-5.423584,0.1400526677700683,0.0046344389114221,0.0008094481766664,-0.0782972882288878,0.1085564630587701,0.2982102862904369,-0.0100617340773956,0.9912855940986504,False,0.3306882870450233,,,2.0657657384872437,2.4924460001757756,1.0899032354354858
133,Deshaun Watson,QB,CLE,132.93094,74.82199,192.87596,45.898647,10.444,72.41623,100.94612,1.006607,-0.18540192,0.16400146,-0.04512024,-9.387726,0.0,0.0,0.0,0.0,0.1163633892976901,0.4069750930020927,0.0,1.0,True,0.4418331374853114,,,1.741442859172821,0.7609005435261728,1.451923131942749
338,Oronde Gadsden,TE,LAC,132.78055,65.34677,220.696,62.086056,15.224,3.5416412,5.19487,45.73761,28.945591,5.1531067,-0.005279541,-4.440033,0.1325111631625354,0.0006552394536686,6.202489219560304e-05,0.0253999238648105,0.1261122202253332,0.3268830682101264,0.005461033624231,1.0332683268227256,False,0.4315741720852865,,,1.6510334610939026,0.862932925916827,1.0873016119003296
174,J.K. Dobbins,RB,DEN,131.89345,57.381687,223.01352,63.89036,12.52,36.143692,27.775776,37.57451,24.197876,6.491272,0.5490265,3.6579437,0.0535094622718798,0.4728934031145801,0.4827692326874472,0.1830347465049345,0.1079177124440923,0.3367956731608758,0.0081475376106117,0.9982335282057712,False,0.519899785254116,,,2.175885260105133,1.1138997718605057,1.1581469774246216
232,Woody Marks,RB,HOU,129.60652,57.383083,207.10788,62.46707,15.154,0.68463135,3.72089,39.911224,31.784714,-2.305481,-1.3876343,-6.734146,0.0565128252398175,0.3650063076683325,0.2823382850802561,-0.0491986351873887,0.1239619180366614,0.32340015184416,0.0116174936896796,1.0066790344008554,False,0.4292192841693993,,,1.9590085744857788,1.2860129291918785,1.044677972793579
269,Bhayshul Tuten,RB,JAX,129.5751,61.042103,205.53795,58.855324,15.03,7.8359985,4.304043,26.773224,27.29731,-8.400772,-0.28024292,-7.4861145,0.0513919830471314,0.4074057079971261,0.3577947505761253,0.0661490359330958,0.1307967789733061,0.2971758028990063,0.0050748646142557,1.0038287251237363,False,0.398236092265943,,,1.99737811088562,1.1287729879078892,1.0813332796096802
5,James Conner,RB,ARI,129.13213,58.69946,213.47464,65.26179,12.082,34.229187,25.55325,30.093155,24.61298,-3.1593933,-1.8093414,5.5744247,0.0707543997461209,0.3737863979812998,0.3398798460089008,0.1315230290003058,0.1354945388129577,0.2518147078530476,0.0128423720766785,1.0057299991686912,False,0.4367641169403284,,,2.2853747606277466,1.0614624982910486,1.1370078325271606
440,Cam Skattebo,RB,NYG,128.8288,55.784893,220.99889,65.762085,13.596,21.81755,10.649044,45.3369,30.086899,-4.1352234,2.6710968,-2.9147034,0.0764057876465642,0.3375789722587355,0.3736569715011748,-0.0316068288436584,0.1219595036765839,0.3114201937567469,-0.0379548155758191,1.0186691515658644,True,0.8426877470355731,,,2.093312680721283,1.4384992305942044,1.1174743175506592
566,Cade Otton,TE,TB,127.593124,63.178806,198.29045,56.6752,15.616,3.5268707,-0.5918999,30.503265,27.47155,-8.378937,1.1259613,0.65836334,0.1497173420970528,0.001004713594486,7.848352730345654e-05,0.116501655260877,0.1326599254096101,0.3682656615316566,0.0102168002781305,1.019087608186837,False,0.8724547057880391,,,1.4758222699165344,0.9436470577829597,1.0524295568466189
281,Brenton Strange,TE,JAX,126.29549,62.29518,204.32785,58.495464,14.912,13.601883,8.200798,34.29303,25.441578,-5.2368927,-2.8934631,-2.8861084,0.1357669148454913,0.0007036554843007,5.3134806633119426e-05,0.0971727896708117,0.1307967789733061,0.2971758028990063,0.0050748646142557,1.0038287251237363,False,0.398236092265943,,,1.8583559393882751,0.7463074249153386,1.0737265348434448
369,Malik Washington,WR,MIA,126.21725,54.900417,205.88539,61.32454,15.048,5.961357,7.11121,46.482803,32.481983,3.4552155,-1.2101593,2.3323288,0.1479010511113865,0.0266179933578994,0.0085866209953268,0.0221250247235493,0.1040702857040609,0.3603501687453079,0.0,1.0,True,0.6645047716112295,,,2.1079291105270386,1.166082900407525,1.034704327583313
104,Luther Burden III,WR,CHI,125.05895,67.41259,191.44885,53.236298,15.026,3.2080154,4.677788,27.793106,22.530317,2.0053864,-2.6339264,-3.3084183,0.129054486872582,0.0115190892908342,0.0023001471992135,-0.0850931039438639,0.1187327241791947,0.3771973638719102,-0.0095964423250418,0.9918297047940632,False,0.3963857924253964,,,1.9409354329109192,1.3656513445900904,1.0559167861938477
85,Jalen Coker,WR,CAR,124.465385,57.031002,202.40356,58.9709,13.67,17.8097,13.944431,34.535583,24.333035,-2.0486603,-4.3476334,-4.2891617,0.1324711630205758,0.0025004927595207,0.0003066038973901,-0.0877691811909629,0.1164321224601814,0.3295758613119898,-0.0085329743414401,1.0246330030709965,False,0.4680851063829787,,,1.9139039516448977,0.965296210087954,1.0793200731277466
446,Darius Slayton,WR,NYG,124.357315,59.097717,197.82289,56.350956,15.042,-3.5976105,3.1850014,35.944427,24.91174,0.7611847,-11.579559,-14.825836,0.1412613669786172,0.0026234272219011,0.0003108811552926,-0.0882958370609543,0.1219595036765839,0.3114201937567469,-0.0379548155758191,1.0186691515658644,True,0.8426877470355731,15.93866729736328,Malik Nabers,1.8042446970939636,1.1044807991542045,1.0614378452301023
181,Troy Franklin,WR,DEN,122.1704,56.9207,201.55441,58.35497,15.474,-1.3731155,-0.9750252,39.694427,29.166302,-8.264587,1.6689911,3.1940079,0.1251113959196033,0.0084323674466464,0.0016659355052505,-0.0809933747116267,0.1079177124440923,0.3367956731608758,0.0081475376106117,0.9982335282057712,False,0.519899785254116,,,1.9651995301246643,1.0996460874797551,1.0750000476837158
580,Calvin Ridley,WR,TEN,121.60907,57.92411,203.38963,56.73418,14.118,11.741409,6.4757385,41.168716,23.961739,3.8773956,6.5431137,1.2636032,0.1520149766236727,0.0096798587763449,0.0018215635599061,0.0027158724323499,0.1057068842222317,0.3941290958894349,0.0262375072255626,0.9953117372204984,True,0.3920977877248859,,,2.1110416650772095,0.881420014940678,1.1009817123413086
42,Justice Hill,RB,BAL,121.59598,53.244194,208.47218,66.84208,14.996,1.0764923,-4.663185,52.174347,37.247585,4.2100525,0.57949066,9.969772,0.0881169722240669,0.1540170958207365,0.0618226291418552,-0.5469567062528395,0.1380117918492103,0.5190721554036205,0.0,1.0,True,0.3649811726734803,,,2.3169801235198975,1.1740438658962706,1.0704606771469116
579,Wan'Dale Robinson,WR,TEN,120.49267,58.74715,198.96324,57.094044,14.256,14.680168,6.8459206,43.291473,25.710154,4.0955963,4.470093,1.2883072,0.1492991041913228,0.0059774117200545,0.0012320643741352,-0.0027158724323499,0.1057068842222317,0.3941290958894349,0.0262375072255626,0.9953117372204984,True,0.3920977877248859,,,2.1481189727783203,0.834617259483606,1.0568336248397827
528,AJ Barner,TE,SEA,120.47653,57.790516,198.79637,54.613754,15.88,-0.40423584,2.6869545,48.437668,28.531921,10.538101,-2.6831665,1.5386658,0.1194226248600927,0.013034111436155,0.0205402957665174,0.060197686466131,0.1405985830746451,0.285522936462633,0.0033032852808487,1.01255678174596,False,0.4815431383902721,,,2.091840445995331,1.2973340359163612,1.0072991847991943
376,Greg Dulcich,TE,MIA,119.25807,54.530704,189.73189,55.90027,13.402,22.496765,17.460484,26.897812,19.782059,-7.3204803,-1.5274734,1.8451843,0.1409047870483001,0.0024658938549599,0.0239797641271755,0.0885107771999042,0.1040702857040609,0.3603501687453079,0.0,1.0,True,0.6645047716112295,,,1.877444088459015,1.491994627644013,1.1428571939468384
99,Kyle Monangai,RB,CHI,119.21567,54.8823,190.9462,56.051407,15.488,-0.8187485,-1.2813721,33.691147,26.8372,5.00473,3.305809,6.8236923,0.0523933284461201,0.3069675624666674,0.2797822952138289,-0.2139665990168485,0.1187327241791947,0.3771973638719102,-0.0095964423250418,0.9918297047940632,False,0.3963857924253964,,,1.9820222854614256,1.0597313021549817,1.03152596950531
540,Mike Evans,WR,SF,118.93606,58.563663,186.63168,55.05456,13.622,16.99398,8.24226,27.02887,22.558285,1.2463379,-5.2201614,0.8560715,0.1511890609817491,0.003875552643296,0.0006231446258892,-0.0162712554064876,0.1395776308512003,0.4150714957788185,-0.0020939941264897,1.0311013569435277,False,0.3954033084467867,,,1.8063652515411377,0.7992082698415945,1.1162123680114746
409,Kayshon Boutte,WR,NE,117.938354,57.817818,190.58441,55.249752,14.948,3.7735138,0.6159134,41.4832,27.29752,9.6888275,-3.1970673,-1.694725,0.1110379979463841,0.0014043050903427,0.0001281839059792,-0.0758391798137989,0.1236389624959372,0.3638319989225167,-0.0165720935212336,1.0201499901873752,False,0.4355281666555027,,,1.8537917137145996,0.987165941770458,1.0581241846084597
523,Cooper Kupp,WR,SEA,117.609276,50.986294,195.2006,59.873222,13.046,19.819328,13.088291,32.95575,22.882648,4.22052,-2.8634872,3.1576614,0.1501806725493569,0.0044762502680422,0.0005679649404896,-0.1152246710283459,0.1405985830746451,0.285522936462633,0.0033032852808487,1.01255678174596,False,0.4815431383902721,,,2.35400527715683,0.9550645540403896,1.13373863697052
194,Isiah Pacheco,RB,DET,117.245056,42.821033,202.25299,65.5438,13.228,22.519974,14.907284,39.114517,30.551998,0.43199158,-0.37031555,11.63102,0.0400933937002242,0.3423192987475543,0.2693102665476967,-0.1843965500893997,0.1499231916251425,0.3977798292692783,0.0050952669213471,1.0006848662147716,False,0.4286541483993713,,,2.5588263273239136,1.1159216418958666,1.110144853591919
270,Chris Rodriguez Jr.,RB,JAX,116.15174,54.214546,183.80406,53.158546,14.694,3.2679749,3.011486,24.934128,21.293026,1.3322296,2.3773346,-4.094345,0.0286273669796564,0.3412566720640303,0.4420460959197371,-0.0661490359330958,0.1307967789733061,0.2971758028990063,0.0050748646142557,1.0038287251237363,False,0.398236092265943,,,2.053670048713684,0.9621611646958662,1.0480519533157349
522,Rashid Shaheed,WR,SEA,116.05869,49.985806,190.8608,56.360012,13.63,13.054527,13.569439,28.540329,21.469051,-2.023285,-3.8429565,0.6437912,0.1327206247327752,0.0157642685832907,0.003309670660096,-0.1326847188449276,0.1405985830746451,0.285522936462633,0.0033032852808487,1.01255678174596,False,0.4815431383902721,,,2.004822850227356,1.4465118331174591,1.1159420013427734
186,Evan Engram,TE,DEN,113.313034,56.112152,183.5654,50.553116,14.902,11.18853,8.850487,41.626694,23.94949,-4.6699066,0.34500122,4.2946243,0.1346608671575547,0.0018142885657754,0.0002060440460772,0.0864669408807258,0.1079177124440923,0.3367956731608758,0.0081475376106117,0.9982335282057712,False,0.519899785254116,,,1.7529457807540894,2.051845675979401,1.0331209897994995
327,Kimani Vidal,RB,LAC,113.19552,50.882572,181.39523,52.48486,14.534,0.8225403,-1.0924301,20.495605,20.393456,-6.88974,-3.2767715,-6.592758,0.046443793842592,0.3328698463649507,0.314431160931545,-0.1137062064480484,0.1261122202253332,0.3268830682101264,0.005461033624231,1.0332683268227256,False,0.4315741720852865,,,2.0671523213386536,1.1612181645769142,1.079729676246643
219,Matthew Golden,WR,GB,112.17078,54.571407,179.59833,50.93685,14.87,-1.0736313,-2.903984,28.999695,22.79365,-3.0781097,-4.372238,1.6613846,0.1046490614580664,0.0184754692377807,0.0045252552186969,-0.0768287209482778,0.1138460189524428,0.4017538368478901,-0.0038535665099792,1.0287958656801752,False,0.3548334818896361,,,2.0724058151245117,0.9612323550728806,1.1035422086715698
129,Mike Gesicki,TE,CIN,111.93098,56.020157,174.10318,48.04077,15.806,0.68218994,1.2334404,25.297684,21.800106,-11.033997,9.119827,13.205612,0.1102085249110908,0.0005761777419739,3.73881688739156e-05,0.0609925429974036,0.1471402401076878,0.43310969036016,0.0518904799433851,1.0074792976821438,False,0.4952131576794043,,,1.6008865237236023,0.954332345474244,1.014652132987976
237,Jayden Higgins,WR,HOU,110.75341,50.924545,181.40114,53.622574,15.19,-3.4158707,0.996521,43.37204,26.466,-4.7941284,0.92443085,-2.186882,0.1188246815442258,0.0022802840417088,0.0002534193034946,-0.107293411171099,0.1239619180366614,0.32340015184416,0.0116174936896796,1.0066790344008554,False,0.4292192841693993,,,1.7206230759620669,1.413441418852808,1.0227848291397097
442,Devin Singletary,RB,NYG,110.058304,48.72614,182.07841,54.10062,15.498,-7.1389313,-9.637604,31.955368,26.344904,1.1123047,4.567978,1.090004,0.0394945680177623,0.2452431184867004,0.3961816253947893,-0.1239426826156935,0.1219595036765839,0.3114201937567469,-0.0379548155758191,1.0186691515658644,True,0.8426877470355731,,,2.1797646284103394,1.1304765698099626,1.0250941514968872
384,Jordan Mason,RB,MIN,109.86481,51.96989,168.93681,48.779774,14.338,1.7216339,-2.7911377,23.839432,19.514803,-6.977356,-4.65889,-7.7133865,0.0334824316392436,0.3190936787632409,0.4209577107408579,-0.2103465589199799,0.1600434327998587,0.3896957606338575,0.0267451506674542,0.998050360230593,False,0.925256561620198,,,1.9426085352897644,1.026922642525613,1.0690608024597168
4,Tyler Allgeier,RB,ARI,108.410164,54.600163,179.72119,49.90172,14.856,-7.5476,-12.742039,33.66658,19.783571,-2.122055,1.0667496,4.5437775,0.0334685584880548,0.242263368980994,0.2682794539267111,-0.1315230290003058,0.1354945388129577,0.2518147078530476,0.0128423720766785,1.0057299991686912,False,0.4367641169403284,15.015586853027344,James Conner,2.1352102756500244,1.14892901978523,1.074966549873352
370,Jalen Tolbert,WR,MIA,108.37024,50.657784,176.55878,53.126846,14.72,5.708931,4.4710236,31.539429,24.664888,-4.9558105,0.7614136,-0.38437653,0.1257760263878372,0.0039448101415905,0.0006273483983488,-0.0221250247235493,0.1040702857040609,0.3603501687453079,0.0,1.0,True,0.6645047716112295,,,2.04403817653656,1.4465321038209538,1.05874502658844
47,Rashod Bateman,WR,BAL,108.078514,46.55544,179.06001,52.75224,13.766,14.839584,10.166702,32.529633,21.639366,4.8114166,1.7431717,3.0488815,0.1378855216078257,0.0022752972397347,0.0001855580242006,-0.1208616417048643,0.1380117918492103,0.5190721554036205,0.0,1.0,True,0.3649811726734803,,,1.6725724339485168,1.1684709966380873,1.0784883499145508
137,Dylan Sampson,RB,CLE,107.08444,46.640995,174.39833,55.15325,15.226,0.5381088,-1.1960106,41.975372,29.783535,-6.487137,0.9497833,-10.109161,0.0702509013155677,0.189242339648466,0.1655864012922152,-0.4066086959681189,0.1163633892976901,0.4069750930020927,0.0,1.0,True,0.4418331374853114,,,2.1290276050567627,1.0516782647383942,1.0280612707138062
408,Romeo Doubs,WR,NE,107.06687,50.78053,175.05927,52.095657,14.71,5.690605,2.006134,30.542099,22.965195,-3.1763,-5.3511276,-4.1724396,0.1199963779561359,0.0039552664439366,0.000625701309,-0.0668807998040472,0.1236389624959372,0.3638319989225167,-0.0165720935212336,1.0201499901873752,False,0.4355281666555027,,,2.3214837312698364,0.9555569351716188,1.0390625
604,Chig Okonkwo,TE,WAS,106.50068,52.658768,169.10904,47.50377,15.93,0.8442154,-1.9145622,32.26361,23.702492,-1.4758759,-2.710556,-3.628662,0.1262112810069121,0.0019978407436528,0.0002126822641106,0.0772890995228813,0.1085564630587701,0.2982102862904369,-0.0100617340773956,0.9912855940986504,False,0.3306882870450233,,,1.861638426780701,1.693052597067663,1.0346964597702026
319,Colby Parkinson,TE,LA,105.40488,49.237373,169.01999,48.390556,15.57,2.9858627,1.3732872,32.1671,23.212374,-1.0882568,4.979454,6.4067917,0.1053819020881039,0.0004874759759191,2.5533040779740103e-05,0.0040661840934404,0.1513191546804098,0.4273850996991157,0.0238526331952171,0.9818293069645876,False,0.528956228956229,,,1.5912035703659058,0.6930223839811603,1.047798752784729
23,Brian Robinson Jr.,RB,ATL,104.80902,42.647915,175.29318,56.545654,14.094,11.961533,5.822834,38.798065,27.68057,-0.8323059,2.2291946,3.3307571,0.0389888274974143,0.2690351430131491,0.2708108723061549,-0.3065278420721259,0.1520177118315911,0.4114755841237087,-0.0059827158096396,1.0028623118456308,False,0.3287159920371599,,,2.298732042312622,1.0673781613202231,1.113505721092224
86,Xavier Legette,WR,CAR,104.3723,51.823803,167.78479,46.450264,15.054,1.9174042,-1.0917435,28.566376,20.877516,-2.5020905,-0.62905884,-1.5230408,0.1351378801937307,0.0071831581593496,0.0013433322142635,-0.085102464017808,0.1164321224601814,0.3295758613119898,-0.0085329743414401,1.0246330030709965,False,0.4680851063829787,,,1.81229305267334,1.7129392073048482,1.0625
411,DeMario Douglas,WR,NE,104.00189,46.221706,172.59279,51.016483,15.264,3.3066483,1.1034698,35.252396,24.059074,-3.7525177,-5.3799057,-4.350792,0.1075892699178471,0.0128071484535694,0.0027997465532651,-0.0792879078423359,0.1236389624959372,0.3638319989225167,-0.0165720935212336,1.0201499901873752,False,0.4355281666555027,,,2.257058620452881,1.3718280430853542,1.0700132846832275
68,Keon Coleman,WR,BUF,102.78325,48.282787,164.42902,48.17066,14.302,10.225258,7.89386,24.046188,20.00296,3.3110504,-1.3446426,1.4039459,0.1177419119332336,0.0024138961726745,0.0003142619391202,-0.0494520027157799,0.1112940200872035,0.4244566408991932,-0.000121301732227,0.9946722408311236,False,0.4594729700778404,,,1.79664945602417,0.6554383212747227,1.100278615951538
479,Tank Bigsby,RB,PHI,100.965324,43.150307,172.67946,51.9296,15.192,-6.942299,-6.518696,44.352356,25.104645,4.0407867,7.0228043,17.323517,0.0244138087500984,0.2179886178536762,0.2331399207720859,-0.4133690892764209,0.1257636651083655,0.456061236285385,-0.0257069245630155,0.9974740495484936,False,0.8473824312333629,,,2.209405779838562,0.985801214740238,1.028205156326294
183,Marvin Mims Jr.,WR,DEN,100.70705,51.170513,157.71603,43.103363,14.804,-2.088913,-5.425598,26.057495,16.118193,-3.0536041,1.2412262,4.1269455,0.0721468980725937,0.024199605497778,0.0071757944060575,-0.1339578725586363,0.1079177124440923,0.3367956731608758,0.0081475376106117,0.9982335282057712,False,0.519899785254116,,,1.8298258185386655,1.1378385031386462,1.0646899938583374
581,Chimere Dike,WR,TEN,100.02638,47.5344,167.07153,47.32015,15.324,-1.963028,-1.280674,40.958755,22.466476,6.1963654,4.2069473,1.2007446,0.1031376488565223,0.0202250380096093,0.0667207779806021,-0.0488773277671504,0.1057068842222317,0.3941290958894349,0.0262375072255626,0.9953117372204984,True,0.3920977877248859,,,2.143666982650757,1.0875867835529245,1.0447570085525513
118,Samaje Perine,RB,CIN,99.40465,44.148315,165.9645,51.27112,15.054,-1.2271042,-4.8554573,33.365326,24.867962,2.453827,-3.5669327,-4.3537064,0.0508232736619004,0.2030588829128579,0.1820772939375848,-0.4164113467981973,0.1471402401076878,0.43310969036016,0.0518904799433851,1.0074792976821438,False,0.4952131576794043,,,2.187202572822571,1.0400031938808296,1.0497382879257202
351,Jalen Nailor,WR,LV,98.81982,46.383865,160.09212,46.91436,15.478,0.5647278,-0.11576843,33.884804,22.733938,7.475006,0.3005829,-4.9353027,0.1086124224725359,0.0062783562326603,0.0135623278373438,-0.0599310413350126,0.1224140550460232,0.4851974502007449,0.0,1.0,True,0.8254781733321132,,,2.0121172666549683,0.915780316482218,1.037131905555725
308,Blake Corum,RB,LA,96.862854,42.609882,167.0429,47.86163,14.988,-0.07372284,-5.3689957,38.014923,22.819689,0.12112427,-1.1654129,3.9092712,0.0273785656519415,0.2537437485825861,0.2820471043908575,-0.3421047317808282,0.1513191546804098,0.4273850996991157,0.0238526331952171,0.9818293069645876,False,0.528956228956229,,,1.979050040245056,1.1916335144919352,1.0747663974761963
460,Braelon Allen,RB,NYJ,96.62332,43.10142,163.59785,49.250393,15.334,-7.214981,-8.8228,37.342133,23.489677,2.3525085,3.7106323,1.1554871,0.0408481989188646,0.2225427324249392,0.151676399073183,-0.3764709736518382,0.1279879451716588,0.4203132315656706,-0.0248394610887128,1.009773637040308,False,0.3558851591638476,,,2.213716983795166,1.1911193449392905,1.0178570747375488
124,Andrei Iosivas,WR,CIN,95.25351,44.538055,149.46194,43.948605,15.644,-7.1896973,-3.8774834,23.686752,19.0129,-9.769836,7.9705505,10.390053,0.0912785010031594,0.0055924832615196,0.0009007446629576,-0.1795331248378338,0.1471402401076878,0.43310969036016,0.0518904799433851,1.0074792976821438,False,0.4952131576794043,,,1.9594724774360657,1.0948350747188709,1.064682960510254
585,Gunnar Helm,TE,TEN,94.97835,46.72018,148.28189,42.069126,15.294,4.9536514,4.6794205,18.495605,18.239416,-2.5081482,3.087532,0.49466705,0.109310933209034,0.0005837899950701,3.5224934370626586e-05,0.0607391101369349,0.1057068842222317,0.3941290958894349,0.0262375072255626,0.9953117372204984,True,0.3920977877248859,,,1.7490352988243103,1.4993687794445347,1.0470737218856812
371,Tutu Atwell,WR,MIA,94.94745,43.10446,149.84914,45.01274,14.648,3.1395493,0.17487335,26.797455,19.92601,-1.1497803,2.6345062,2.0271683,0.098635916102395,0.0056281837405055,0.0065594538708515,-0.0492651350089915,0.1040702857040609,0.3603501687453079,0.0,1.0,True,0.6645047716112295,,,1.9103408455848696,0.940952975614724,1.077551007270813
111,Cole Kmet,TE,CHI,92.6026,46.675842,151.9188,41.424763,16.012,-2.8202667,-5.4762993,27.345467,18.328266,1.1385345,-2.8307343,-4.061447,0.1052984903947966,0.001596784968228,0.0058085676739555,-0.0452259052610281,0.1187327241791947,0.3771973638719102,-0.0095964423250418,0.9918297047940632,False,0.3963857924253964,,,2.0378008484840393,2.1101178535258436,1.0361145734786987
365,Jaylen Wright,RB,MIA,92.59781,39.41867,155.55487,45.710743,15.134,-0.64443207,-5.5481987,30.65306,19.784367,1.2129974,-2.6054916,-2.1544037,0.0359385341623199,0.2354171444102925,0.1718931916863111,-0.2970888790671811,0.1040702857040609,0.3603501687453079,0.0,1.0,True,0.6645047716112295,,,2.0156859755516052,1.1537712656655488,1.0704960823059082
180,Jaylen Waddle,WR,DEN,92.26332,41.040447,151.44086,46.47768,15.206,-1.736351,-2.529068,30.027184,22.924097,1.7655029,-0.2180481,2.5590134,0.0855453241921773,0.0052698361024383,0.0013931416620183,-0.1205594464390527,0.1079177124440923,0.3367956731608758,0.0081475376106117,0.9982335282057712,False,0.519899785254116,,,2.01328307390213,1.293589286409491,1.0643889904022217
561,Jalen McMillan,WR,TB,92.05436,40.90892,155.13257,45.075893,12.89,12.0024185,8.446091,24.369965,15.723907,3.6342316,0.91400146,1.8615875,0.0989777408962071,0.0080818229007278,0.001554957417442,-0.1144513244497919,0.1326599254096101,0.3682656615316566,0.0102168002781305,1.019087608186837,False,0.8724547057880391,,,2.0433952808380127,1.1404718514562713,1.114977240562439
295,Tyquan Thornton,WR,KC,90.6305,40.287548,147.4053,45.058163,13.62,5.9582443,6.140377,21.541069,16.67399,-2.680191,6.788727,6.4087296,0.0840132442719951,0.0039229521846864,0.0006077936724003,-0.1396518620202901,0.137750360963442,0.3419484179188272,0.0481820440920068,0.9766929310692876,False,0.3495589676576282,10.67230987548828,Rashee Rice,2.004223048686981,0.8361409478694946,1.0967283248901367
61,Ray Davis,RB,BUF,90.51011,36.713085,154.10149,48.040737,14.67,-3.8215942,-3.7334023,32.7053,21.132467,1.552475,2.1671371,9.501343,0.0328606605670814,0.1990347521447538,0.1102519569414819,-0.4107053023169724,0.1112940200872035,0.4244566408991932,-0.000121301732227,0.9946722408311236,False,0.4594729700778404,,,2.2798166275024414,1.1918456588223434,1.0479999780654907
465,Adonai Mitchell,WR,NYJ,89.65492,41.453644,142.00282,42.567093,15.11,0.9239578,2.3928032,24.464111,18.837276,-0.24101257,-4.84198,-9.115303,0.1234356168093811,0.0056244242438229,0.0010265527319825,-0.1368615648803051,0.1279879451716588,0.4203132315656706,-0.0248394610887128,1.009773637040308,False,0.3558851591638476,,,2.0036991834640503,1.240921852231229,1.0747051239013672
452,Isaiah Likely,TE,NYG,89.523994,42.756897,145.17899,41.916496,15.32,1.1948013,1.4625206,26.68103,18.914497,5.7612915,-12.743172,-12.691544,0.1045340484701292,0.0006582881182072,5.90478881878852e-05,-0.0077119592632629,0.1219595036765839,0.3114201937567469,-0.0379548155758191,1.0186691515658644,True,0.8426877470355731,,,1.5370904207229614,1.1046974460853995,1.0378309488296509
390,Jauan Jennings,WR,MIN,88.64783,39.845325,144.77756,42.63177,14.582,3.7024994,4.4682884,22.641243,17.183325,-1.9828033,2.5050735,0.48120117,0.1000211898567491,0.0023723258835595,0.0003122610939067,-0.1714909618916293,0.1600434327998587,0.3896957606338575,0.0267451506674542,0.998050360230593,False,0.925256561620198,,,1.6133754253387451,1.4744168268684423,1.052917242050171
410,Mack Hollins,WR,NE,88.38179,42.52509,145.82797,42.064667,15.084,-0.36025238,0.07366943,29.190086,18.220736,5.1437225,-4.9107056,-2.6175232,0.0880673602720093,0.0031915261548343,0.0004242186462122,-0.0988098174881737,0.1236389624959372,0.3638319989225167,-0.0165720935212336,1.0201499901873752,False,0.4355281666555027,,,1.86981600522995,2.073033139267652,1.059920072555542
28,Jahan Dotson,WR,ATL,87.69226,38.08666,152.78995,45.218773,15.326,0.024787903,1.2715302,36.096603,21.824892,9.725647,-3.97995,-2.5139084,0.0989478407876641,0.0040986137800209,0.0006671980770165,-0.1661543206170175,0.1520177118315911,0.4114755841237087,-0.0059827158096396,1.0028623118456308,False,0.3287159920371599,,,2.041668653488159,1.075973923377676,1.0100502967834473
582,Elic Ayomanor,WR,TEN,87.484665,39.350044,150.1026,42.88255,15.138,0.08315277,0.38996124,31.469032,20.576944,8.780991,4.8851776,0.8139572,0.118339256212995,0.0007259440714696,4.7792011931593225e-05,-0.0336757204106776,0.1057068842222317,0.3941290958894349,0.0262375072255626,0.9953117372204984,True,0.3920977877248859,,,1.8646361231803896,0.932284892407645,1.0679738521575928
333,Tre' Harris,WR,LAC,86.9158,40.293797,143.92389,41.85256,15.514,-3.2316513,-3.7153664,28.06475,17.885036,0.7859955,-3.179535,-2.2523193,0.082724646326238,0.0047772962144828,0.0009852681038506,-0.1327713142226321,0.1261122202253332,0.3268830682101264,0.005461033624231,1.0332683268227256,False,0.4315741720852865,,,1.8203834891319275,1.3580777583106651,1.057766318321228
428,Devaughn Vele,WR,NO,86.70192,38.193188,144.39963,43.050163,14.114,7.993759,6.2298355,26.49443,18.715122,-1.0007172,-0.53372955,-0.75453186,0.0970397384718253,0.0013197007727897,0.0002182662776132,-0.1539604617655494,0.1308987891119802,0.2932626321393197,0.0027110617239793,0.9802210990453571,False,0.4028631510837916,,,1.968626856803894,1.1311153497941964,1.1212552785873413
213,MarShawn Lloyd,RB,GB,86.38048,33.828323,152.47673,47.620075,15.004,-7.330879,-3.0729332,39.64554,23.00022,3.3567657,2.2473679,1.1450195,0.0320407582301391,0.1660798257916852,0.1392436660657755,-0.4365952425833219,0.1138460189524428,0.4017538368478901,-0.0038535665099792,1.0287958656801752,False,0.3548334818896361,,,2.251489520072937,1.1553716993658505,1.1124827861785889
240,Tank Dell,WR,HOU,85.5987,38.67113,141.84328,44.416782,13.942,8.937141,5.183773,20.23146,18.762089,0.0025024414,-1.7402649,-2.7541275,0.0993510991847625,0.0168787604250848,0.0045810225599841,-0.1267669935305623,0.1239619180366614,0.32340015184416,0.0116174936896796,1.0066790344008554,False,0.4292192841693993,,,2.234169363975525,1.22855133115575,1.0693068504333496
510,Darnell Washington,TE,PIT,85.34842,40.475624,139.64261,39.605625,15.862,-4.5397415,-4.8688354,23.336372,16.097498,-3.3691406,5.1649323,6.2873,0.0801519455784839,0.0006518964582924,4.482634129136233e-05,-0.0594795381863434,0.1250571975970493,0.3560411456148076,0.0208030755019294,0.9626654370229948,True,0.3358395989974937,,,1.6980401277542114,0.9588107939846084,1.0587483644485474
320,Tyler Higbee,TE,LA,84.27393,36.185413,141.70059,43.204807,13.828,9.151718,11.284565,31.080696,17.890865,3.706543,4.6595306,5.5885315,0.1013157179946634,0.0007052897751117,4.370839416045428e-05,-0.0040661840934404,0.1513191546804098,0.4273850996991157,0.0238526331952171,0.9818293069645876,False,0.528956228956229,,,1.9747315049171448,1.614630411369923,1.1057827472686768
156,Jaydon Blue,RB,DAL,83.18046,35.09584,139.46577,43.737404,15.084,-10.126381,-5.8588753,23.822716,19.261442,-1.5048218,1.997261,0.095581055,0.02013084160211,0.2264044134555959,0.1277500808577821,-0.2791076211584005,0.1394550773363788,0.3293631905768475,0.010142808441509,0.981795692047315,False,0.5033726812816189,,,2.10764479637146,1.1158621115613698,1.0128204822540283
67,Joshua Palmer,WR,BUF,82.93806,34.538803,138.52377,42.162403,14.006,5.0364456,6.600994,20.192024,16.575663,-2.5040588,-1.9044037,2.0134277,0.0938294148142509,0.002792778826819,0.0003954157093585,-0.0733644998347627,0.1112940200872035,0.4244566408991932,-0.000121301732227,0.9946722408311236,False,0.4594729700778404,,,1.8320327401161192,1.9045132435607557,1.1267606019973757
472,Mason Taylor,TE,NYJ,82.919914,36.449,136.00826,41.307114,14.936,6.5919952,9.663334,24.568481,19.171282,-7.0035095,-5.274826,-9.323021,0.1232048453131482,0.0008984102637007,7.428876593704766e-05,0.0688043772957549,0.1279879451716588,0.4203132315656706,-0.0248394610887128,1.009773637040308,False,0.3558851591638476,,,1.616363704204559,1.5783606827960517,1.0611978769302368
301,Noah Gray,TE,KC,82.685776,39.064713,132.21498,39.9963,15.938,-6.6663055,-5.641979,21.127678,17.182634,-3.1485138,5.7082367,6.4120483,0.0727887501468239,0.0016800009270705,0.0001775465670698,-0.1249627118863525,0.137750360963442,0.3419484179188272,0.0481820440920068,0.9766929310692876,False,0.3495589676576282,,,1.808789074420929,1.491758260316818,1.0222221612930298
48,Devontez Walker,WR,BAL,82.409294,36.221077,136.9966,41.53536,14.616,-1.5325089,-1.47472,22.539635,16.224436,1.2528687,0.657547,1.5087814,0.0636421755969901,0.0025895297218118,0.0002270866717801,-0.1951049877156999,0.1380117918492103,0.5190721554036205,0.0,1.0,True,0.3649811726734803,,,1.94920414686203,1.1690032410338882,1.1237692832946775
162,Ryan Flournoy,WR,DAL,82.3827,36.607304,132.87906,40.390354,14.66,-0.6955414,0.362648,16.585602,15.599825,-2.190216,1.9325562,3.9386444,0.082973323353972,0.0073065573218801,0.0013543093438278,-0.1636397576394271,0.1394550773363788,0.3293631905768475,0.010142808441509,0.981795692047315,False,0.5033726812816189,,,2.1230788230895996,0.8266296927580266,1.1101813316345217
251,DJ Giddens,RB,IND,82.19935,34.01307,139.95389,44.672085,15.132,-8.779274,-8.944624,27.456558,18.920145,-2.5254822,2.7407227,5.0063324,0.0361199393499234,0.1762455360053678,0.0968185716368751,-0.5487501093377775,0.1247273352590742,0.5588868868982128,-0.0065445017950927,0.9827606286728532,False,0.4314789687924016,26.358192443847656,Jonathan Taylor,2.129306674003601,1.298310836590402,1.03108811378479
504,Roman Wilson,WR,PIT,82.089806,37.699677,136.30711,40.92793,14.998,-1.6658096,-0.82149506,26.354248,17.407692,-0.4545288,5.061287,5.9055176,0.0803201013933883,0.0024283029613289,0.0002825577609467,-0.1341498618214794,0.1250571975970493,0.3560411456148076,0.0208030755019294,0.9626654370229948,True,0.3358395989974937,,,1.9080402255058289,0.754809107810065,1.0505990982055664
91,Tommy Tremble,TE,CAR,81.81357,35.80323,136.07924,41.84865,15.402,2.7450638,1.7803612,27.92688,20.762714,3.7678223,-1.5055237,-3.0070724,0.0932443233916497,0.0004707851324877,2.9600133118023228e-05,0.016303565250587,0.1164321224601814,0.3295758613119898,-0.0085329743414401,1.0246330030709965,False,0.4680851063829787,,,1.970561981201172,1.0423024497116562,1.0579150915145874
73,Dawson Knox,TE,BUF,80.84809,37.395973,134.26767,41.95281,15.09,-0.96528625,0.6327133,18.901115,18.35565,1.6781921,-1.5862274,1.3984833,0.0848616763990422,0.0006223977970963,4.650985736666938e-05,-0.0620785805767929,0.1112940200872035,0.4244566408991932,-0.000121301732227,0.9946722408311236,False,0.4594729700778404,,,1.6300325989723206,1.1462476756024675,1.0602883100509644
29,Olamide Zaccheaus,WR,ATL,80.80911,38.2706,131.35855,39.966236,15.622,-2.335312,-1.3248024,19.65419,17.324198,2.1383514,1.12043,-0.54203033,0.0909996374990444,0.0050315966068354,0.0008778336935062,-0.1741025239056372,0.1520177118315911,0.4114755841237087,-0.0059827158096396,1.0028623118456308,False,0.3287159920371599,,,1.8732393383979795,1.4336695087311555,0.9876695871353148
62,Ty Johnson,RB,BUF,80.55618,30.621565,138.93913,47.94647,14.404,2.3873138,-0.048540115,26.406616,22.548807,-8.672928,0.21333313,6.252342,0.0468302835111945,0.1077483618335626,0.1640173469321104,-0.5019916926281637,0.1112940200872035,0.4244566408991932,-0.000121301732227,0.9946722408311236,False,0.4594729700778404,,,2.5251998901367188,1.0981736127686317,1.0052839517593384
485,Dontayvion Wicks,WR,PHI,80.01009,37.089516,130.6337,38.558212,15.144,-1.744873,0.7438202,25.150253,16.217583,-0.88168335,-5.884941,-2.3570938,0.0901790470513969,0.0016264726562227,0.0005020719390588,-0.1489313637228238,0.1257636651083655,0.456061236285385,-0.0257069245630155,0.9974740495484936,False,0.8473824312333629,,,2.0894640684127808,0.7734813961561974,1.0541936159133911
453,Theo Johnson,TE,NYG,78.12018,39.645027,128.9307,36.079933,14.55,5.1911697,1.3377037,20.633171,13.199579,2.7985916,-7.2957535,-11.02343,0.1122460077333921,0.0006310854132184,4.491820745920763e-05,0.0077119592632629,0.1219595036765839,0.3114201937567469,-0.0379548155758191,1.0186691515658644,True,0.8426877470355731,,,,,
339,David Njoku,TE,LAC,77.89268,31.547747,128.42159,37.96841,13.65,11.018166,11.449293,18.07473,13.933647,-2.5890503,0.7635956,-1.9558182,0.1071112392977248,0.001204880566241,0.0001632376845739,-0.0253999238648105,0.1261122202253332,0.3268830682101264,0.005461033624231,1.0332683268227256,False,0.4315741720852865,,,,,
10,Kendrick Bourne,WR,ARI,76.87117,33.03275,123.89354,39.873558,13.768,3.3058014,1.476757,16.217201,15.232862,-8.013565,3.1504211,1.4881592,0.0773478334182827,0.002982176701674,0.0003721999660251,-0.1144375229917144,0.1354945388129577,0.2518147078530476,0.0128423720766785,1.0057299991686912,False,0.4367641169403284,,,,,
314,Jordan Whittington,WR,LA,76.58999,36.150883,125.58143,35.55299,15.114,-6.6911545,-6.1187916,18.744934,14.123486,2.603325,1.4816437,4.2425156,0.060971005884615,0.0064679946862815,0.0009544417074523,-0.2094087138162665,0.1513191546804098,0.4273850996991157,0.0238526331952171,0.9818293069645876,False,0.528956228956229,,,,,
238,Jaylin Noel,WR,HOU,76.19602,35.061497,122.091324,36.463627,14.894,-6.076317,-3.9650345,15.069717,14.038723,1.1973419,0.49939728,-0.84773254,0.0669868746883968,0.0102720303587298,0.0020843659879587,-0.159131218026928,0.1239619180366614,0.32340015184416,0.0116174936896796,1.0066790344008554,False,0.4292192841693993,,,,,
239,Xavier Hutchinson,WR,HOU,76.07675,32.709988,122.05791,37.23086,15.388,-8.005585,-2.854185,20.3564,16.688421,-1.2378387,1.5916214,-0.2515869,0.0774973121811705,0.0059874581058415,0.0067124239459684,-0.1486207805341543,0.1239619180366614,0.32340015184416,0.0116174936896796,1.0066790344008554,False,0.4292192841693993,,,,,
542,Christian Kirk,WR,SF,75.80896,33.083996,127.748695,39.419533,13.426,7.0077744,5.178585,23.237793,15.99715,0.3906479,-2.4086914,0.30589294,0.0842284230031916,0.0032995729470952,0.0005003015328379,-0.0832318933850451,0.1395776308512003,0.4150714957788185,-0.0020939941264897,1.0311013569435277,False,0.3954033084467867,,,,,
7,Bam Knight,RB,ARI,75.66644,30.69927,132.51346,41.993065,13.362,4.0829926,3.2406483,23.243866,16.843992,3.8285065,-0.7493439,3.884552,0.0354009967577386,0.1840509234037787,0.1584506128618067,-0.1897354745775211,0.1354945388129577,0.2518147078530476,0.0128423720766785,1.0057299991686912,False,0.4367641169403284,1.2663421630859375,James Conner,,,
225,Luke Musgrave,TE,GB,75.01664,32.949116,119.04926,35.266552,14.582,-2.400406,-1.3545818,14.669853,12.159876,-2.3331985,-1.7748337,1.2012405,0.0745872807282587,0.0006899146333296,4.444176978558175e-05,-0.0719768949353303,0.1138460189524428,0.4017538368478901,-0.0038535665099792,1.0287958656801752,False,0.3548334818896361,,,,,
142,KC Concepcion,WR,CLE,74.44268,32.313313,121.35242,36.97858,15.05,-0.15144348,2.0929604,22.759857,17.201033,5.5545807,0.8687515,-4.223831,0.0856444283277482,0.0046767098162469,0.0016634177822436,-0.123924873784956,0.1163633892976901,0.4069750930020927,0.0,1.0,True,0.4418331374853114,,,,,
548,Jake Tonges,TE,SF,73.97334,30.816338,125.627205,35.767376,14.84,-4.1378326,-0.07774925,24.482254,13.227163,0.2490921,-3.4388046,-0.41596985,0.0761387359506248,0.0009695594986655,8.048216430201071e-05,-0.112655152992746,0.1395776308512003,0.4150714957788185,-0.0020939941264897,1.0311013569435277,False,0.3954033084467867,,,,,
563,Tez Johnson,WR,TB,73.37404,33.27444,121.29007,36.067276,15.382,-4.794327,-5.7243958,23.06849,15.599661,-1.7316895,-0.3135605,-0.528244,0.0641766185137926,0.0129450715072069,0.0029196229208424,-0.1492524468322064,0.1326599254096101,0.3682656615316566,0.0102168002781305,1.019087608186837,False,0.8724547057880391,,,,,
177,Jaleel McLaughlin,RB,DEN,73.36799,29.390934,127.32187,42.344963,14.674,-3.3551178,-4.221079,25.417442,20.293201,-4.231476,-0.467453,1.7320404,0.0307226443400456,0.1667342654602899,0.1130861710424598,-0.3061591376542902,0.1079177124440923,0.3367956731608758,0.0081475376106117,0.9982335282057712,False,0.519899785254116,,,,,
163,KaVontae Turpin,WR,DAL,72.929474,30.903948,119.65915,36.902473,14.6,0.23098755,1.5232792,17.501144,13.672129,-1.9520874,1.4994354,1.9296951,0.0596076403681669,0.0299717093228845,0.009605464269796,-0.1870054406252322,0.1394550773363788,0.3293631905768475,0.010142808441509,0.981795692047315,False,0.5033726812816189,,,,,
358,Michael Mayer,TE,LV,72.7278,31.06285,117.40376,35.587223,14.424,2.8563385,2.2376442,18.281303,12.570478,0.49196625,0.8851166,-3.0092468,0.0916509724787901,0.0006313566010244,5.100572906278366e-05,-0.1181134907843027,0.1224140550460232,0.4851974502007449,0.0,1.0,True,0.8254781733321132,,,,,
434,Noah Fant,TE,NO,71.98592,32.869617,121.79796,34.651943,15.44,-2.8031998,-1.7342548,23.648064,14.187605,0.45217896,1.6670914,1.0946426,0.0713289905315853,0.0006452515762077,6.757494661627808e-05,-0.0825215779705017,0.1308987891119802,0.2932626321393197,0.0027110617239793,0.9802210990453571,False,0.4028631510837916,,,,,
105,Kalif Raymond,WR,CHI,71.77923,30.565456,115.227684,38.208557,15.098,-1.6030884,2.3926582,16.790764,16.515057,-1.5255127,-2.4621353,-2.798439,0.074600922314746,0.0052468519939527,0.0009663604566645,-0.1395466685016999,0.1187327241791947,0.3771973638719102,-0.0095964423250418,0.9918297047940632,False,0.3963857924253964,,,,,
144,Cedric Tillman,WR,CLE,71.27519,29.188892,119.83887,36.161503,13.994,8.847748,6.656399,21.361359,15.333937,-5.6759644,-0.38990784,-5.717148,0.0979902641422235,0.0025206564761607,0.0003839499598882,-0.1115790379704806,0.1163633892976901,0.4069750930020927,0.0,1.0,True,0.4418331374853114,,,,,
517,Jadarian Price,RB,SEA,70.8998,27.0373,120.00064,37.498432,15.112,1.4769287,-0.48461723,21.847809,15.621193,0.8411255,-3.6064758,-1.3135681,0.0072985349338976,0.2417767076774636,0.1512939868496269,-0.1993527304017422,0.1405985830746451,0.285522936462633,0.0033032852808487,1.01255678174596,False,0.4815431383902721,,,,,
35,Austin Hooper,TE,ATL,70.779884,32.485184,115.91122,34.888577,15.796,-7.036236,-5.225794,22.578033,15.701044,2.1620102,-0.2614746,-0.6394501,0.0653839443093085,0.0009376764124975,7.939523657091105e-05,-0.1140498287460398,0.1520177118315911,0.4114755841237087,-0.0059827158096396,1.0028623118456308,False,0.3287159920371599,,,,,
289,Emmett Johnson,RB,KC,70.56244,31.780128,118.861336,35.682304,15.008,-7.0630493,-8.642803,23.762375,12.99996,-1.7689514,-0.7521591,-0.6625519,0.0208852646474977,0.1829408449330278,0.1868866410679447,-0.3516004811576972,0.137750360963442,0.3419484179188272,0.0481820440920068,0.9766929310692876,False,0.3495589676576282,,,,,
80,Jonathon Brooks,RB,CAR,69.72657,28.108337,117.96673,38.03879,15.024,-2.8306122,-3.9721336,22.91954,15.778761,-2.9772186,-0.43650818,-0.45880127,0.0133930782157765,0.2197453509026555,0.1385428664816522,-0.2845797111386068,0.1164321224601814,0.3295758613119898,-0.0085329743414401,1.0246330030709965,False,0.4680851063829787,,,,,
362,Quinn Ewers,QB,MIA,69.24802,11.0851755,134.66527,47.83883,12.744,-69.24802,-11.0851755,-4.6924133,-0.20584488,1.6471558,-0.8056183,0.56126404,0.0,0.0,0.0,0.0,0.1040702857040609,0.3603501687453079,0.0,1.0,True,0.6645047716112295,60.53316879272461,Malik Willis,,,
92,Ja'Tavion Sanders,TE,CAR,68.01191,28.550852,114.17638,36.301285,15.068,1.9107437,2.1485386,20.865448,16.188982,-1.7249451,-2.440689,-2.0200043,0.0769407581410626,0.0007309974218623,5.480548338363448e-05,-0.016303565250587,0.1164321224601814,0.3295758613119898,-0.0085329743414401,1.0246330030709965,False,0.4680851063829787,,,,,
447,Darnell Mooney,WR,NYG,67.84266,28.6833,111.365974,34.000008,14.476,-2.727974,-0.9447403,19.832756,13.919771,-0.94860077,-5.928749,-10.377686,0.0842801503274291,0.0020454488226218,0.0003955662922718,-0.1452770537121424,0.1219595036765839,0.3114201937567469,-0.0379548155758191,1.0186691515658644,True,0.8426877470355731,5.0048980712890625,Malik Nabers,,,
486,Hollywood Brown,WR,PHI,67.75512,30.85401,110.69216,35.2981,14.43,2.407158,-0.44483757,13.759026,14.33065,-0.52423096,-7.340164,-2.6926575,0.0796257774414204,0.0013330613735878,0.0004418823477385,-0.1594846333328003,0.1257636651083655,0.456061236285385,-0.0257069245630155,0.9974740495484936,False,0.8473824312333629,,,,,
556,Sean Tucker,RB,TB,67.57549,27.058332,114.267166,33.81961,15.02,-1.5838699,-4.139675,22.598106,14.055105,-0.5149765,-1.6260681,-0.76491547,0.0201009456870655,0.1503331476171701,0.3603913106315312,-0.3955567087965564,0.1326599254096101,0.3682656615316566,0.0102168002781305,1.019087608186837,False,0.8724547057880391,,,,,
6,Trey Benson,RB,ARI,67.55108,27.041506,111.56666,36.683846,13.318,-4.6538124,-2.6762123,20.095894,14.497082,-4.6096344,-1.5649872,2.6331253,0.0325185675896323,0.1274316886486129,0.0480831158093853,-0.2463547093326869,0.1354945388129577,0.2518147078530476,0.0128423720766785,1.0057299991686912,False,0.4367641169403284,8.015125274658203,James Conner,,,
461,Isaiah Davis,RB,NYJ,66.82825,26.42656,112.94902,35.32869,14.914,-3.5319023,-4.1244106,21.394241,14.283638,-1.6592407,0.1544342,-1.0734253,0.0409179061770384,0.1020467410409234,0.0524556789262754,-0.4969669650358539,0.1279879451716588,0.4203132315656706,-0.0248394610887128,1.009773637040308,False,0.3558851591638476,,,,,
600,Luke McCaffrey,WR,WAS,65.896935,31.347782,106.83502,31.152914,14.82,-7.1879997,-5.979252,15.940842,11.332323,3.6096878,-0.32289886,-2.8330612,0.0542436299217544,0.0016448721878545,0.0001554643528055,-0.1641063260772017,0.1085564630587701,0.2982102862904369,-0.0100617340773956,0.9912855940986504,False,0.3306882870450233,,,,,
396,Josh Oliver,TE,MIN,65.87411,27.383472,107.74701,33.601303,15.474,-6.07679,-0.43084908,17.863503,13.90634,-4.5326843,3.881012,1.5743256,0.0575646606628905,0.0006552396279363,4.01394601449968e-05,-0.1056307781749759,0.1600434327998587,0.3896957606338575,0.0267451506674542,0.998050360230593,False,0.925256561620198,,,,,
423,Devin Neal,RB,NO,65.7973,24.125751,118.30683,38.22144,13.968,-5.5862427,-3.075468,27.022217,15.53474,3.722847,1.3424072,-1.4001465,0.0369455205227891,0.0996010876106694,0.0834592892624401,-0.3021982091874035,0.1308987891119802,0.2932626321393197,0.0027110617239793,0.9802210990453571,False,0.4028631510837916,13.603282928466797,Alvin Kamara,,,
258,Nick Westbrook-Ikhine,WR,IND,65.50072,29.523417,109.333885,33.443817,15.122,-1.4318008,-0.39959145,21.00869,14.884079,2.8963318,-1.9517365,-1.0069733,0.0744350397827283,0.0023759121974677,0.0003246806529379,-0.1124867053676309,0.1247273352590742,0.5588868868982128,-0.0065445017950927,0.9827606286728532,False,0.4314789687924016,,,,,
346,Mike Washington Jr.,RB,LV,65.06075,25.65659,114.44674,37.54617,14.792,0.36647034,-3.3618317,28.33097,17.567274,3.6549377,-0.33782196,-10.703659,0.0254461767218772,0.1889819261867772,0.1893462973871484,-0.4785296533148198,0.1224140550460232,0.4851974502007449,0.0,1.0,True,0.8254781733321132,,,,,
200,Isaac TeSlaa,WR,DET,64.796745,25.278063,111.48167,35.15681,14.916,-3.8228989,-1.6009178,28.099945,15.9881115,4.1882706,0.34934998,3.0776596,0.0585604664425434,0.0018690608503163,0.0002423806007045,-0.2093275474090239,0.1499231916251425,0.3977798292692783,0.0050952669213471,1.0006848662147716,False,0.4286541483993713,,,,,
366,Ollie Gordon II,RB,MIA,64.53058,24.615477,114.29266,37.72543,15.004,-3.2447968,-4.57691,27.515701,18.192556,-1.6050034,0.4577484,1.414669,0.020560319345697,0.1403621089884391,0.1977332152845582,-0.3921439144890346,0.1040702857040609,0.3603501687453079,0.0,1.0,True,0.6645047716112295,,,,,
352,Jack Bech,WR,LV,64.135826,27.987202,110.4715,32.509975,14.984,2.7244644,0.19310188,21.483994,13.698381,-1.5270004,-0.16681671,-2.9885406,0.0785154843061835,0.0018189535527312,0.0002277688534919,-0.0900279795013651,0.1224140550460232,0.4851974502007449,0.0,1.0,True,0.8254781733321132,,,,,
595,Jeremy McNichols,RB,WAS,63.969555,25.202627,106.96529,37.355576,14.222,1.3281441,-0.85305214,23.30664,17.940275,4.762192,1.083046,2.9055977,0.0439008530912483,0.0916986321346308,0.0710656564281932,-0.3401980214539813,0.1085564630587701,0.2982102862904369,-0.0100617340773956,0.9912855940986504,False,0.3306882870450233,,,,,
305,Ty Simpson,QB,LA,63.79497,1.6400802,131.09778,53.49641,13.772,-63.79497,-1.6400802,-3.3582153,1.4039726,-5.391617,2.1647224,4.2777176,0.0,0.0,0.0,0.0,0.1513191546804098,0.4273850996991157,0.0238526331952171,0.9818293069645876,False,0.528956228956229,69.20796394348145,Matthew Stafford,,,
519,Emanuel Wilson,RB,SEA,63.63494,22.655842,114.46525,38.96215,14.69,2.1172638,-1.1681423,28.313484,19.694849,0.2511673,-1.5898972,0.97299194,0.020977415444277,0.157236660447965,0.1308993956436607,-0.2838927776312409,0.1405985830746451,0.285522936462633,0.0033032852808487,1.01255678174596,False,0.4815431383902721,,,,,
524,Tory Horton,WR,SEA,62.7916,29.05621,103.66071,29.633135,13.63,1.002655,-1.9288464,13.065445,7.085739,-3.0924988,-2.890583,0.36305618,0.0644383701971968,0.002573100339512,0.0002616259601509,-0.2009669733805061,0.1405985830746451,0.285522936462633,0.0033032852808487,1.01255678174596,False,0.4815431383902721,,,,,
596,Jerome Ford,RB,WAS,62.780117,26.832016,109.967415,35.295967,15.054,-0.7678528,-3.628809,21.341202,17.2323,2.6504211,0.3584404,1.6649933,0.0380142443915751,0.1159197201074468,0.1456122878963447,-0.3159769334811653,0.1085564630587701,0.2982102862904369,-0.0100617340773956,0.9912855940986504,False,0.3306882870450233,,,,,
381,J.J. McCarthy,QB,MIN,61.52438,4.0241537,126.23391,48.055542,12.984,-61.52438,-4.0241537,-5.977028,-0.233387,-2.9646683,1.3612213,-0.42568588,0.0,0.0,0.0,0.0,0.1600434327998587,0.3896957606338575,0.0267451506674542,0.998050360230593,False,0.925256561620198,60.63554573059082,Kyler Murray,,,
544,Demarcus Robinson,WR,SF,61.104965,28.038511,98.53271,30.646421,14.642,-1.0576706,-2.5107422,12.530029,11.454508,-2.8304749,-3.231636,0.27278137,0.0662804303801191,0.0019330684139608,0.0002078282612493,-0.1011798860081176,0.1395776308512003,0.4150714957788185,-0.0020939941264897,1.0311013569435277,False,0.3954033084467867,,,,,
343,Fernando Mendoza,QB,LV,61.089664,2.8772304,125.47945,45.87762,13.662,-61.089664,-2.8772304,-0.05378723,0.46468353,0.4152298,-0.613369,-6.173153,0.0,0.0,0.0,0.0,0.1224140550460232,0.4851974502007449,0.0,1.0,True,0.8254781733321132,61.77394104003906,Kirk Cousins,,,
100,Roschon Johnson,RB,CHI,60.983067,23.65686,106.66456,34.3285,14.81,-1.2501945,-2.6894283,22.75663,15.484619,-2.6250916,1.6542511,1.1804886,0.0345774531665207,0.1029719209952333,0.128509754617743,-0.4179622404882827,0.1187327241791947,0.3771973638719102,-0.0095964423250418,0.9918297047940632,False,0.3963857924253964,,,,,
291,Brashard Smith,RB,KC,60.73371,22.00838,105.091576,34.480415,14.976,-3.1623344,-1.2651844,21.340584,14.963999,3.3470154,1.6997604,2.2164116,0.0445430072041222,0.0875238882111574,0.0420757066238526,-0.4470174378795676,0.137750360963442,0.3419484179188272,0.0481820440920068,0.9766929310692876,False,0.3495589676576282,,,,,
290,Emari Demercado,RB,KC,60.110313,22.38734,105.24707,35.95557,14.71,-2.0483932,-1.1044388,23.653206,17.127203,-4.595627,-0.42839432,-0.9015732,0.0329764842203992,0.1166800074875641,0.0400730919198061,-0.417861318603161,0.137750360963442,0.3419484179188272,0.0481820440920068,0.9766929310692876,False,0.3495589676576282,,,,,
182,Pat Bryant,WR,DEN,59.649036,26.812437,97.81487,29.275282,15.054,-3.0288315,-3.0886784,13.182114,10.89152,-1.8231964,0.80677795,0.52334595,0.0652903578394672,0.0016386172592414,0.0001973251534183,-0.1408144127917628,0.1079177124440923,0.3367956731608758,0.0081475376106117,0.9982335282057712,False,0.519899785254116,,,,,
130,Drew Sample,TE,CIN,58.59136,24.763903,98.395584,29.970158,15.77,-5.4725456,-2.2409916,14.95005,11.399897,1.2210541,4.847183,6.5171127,0.0463197950038798,0.0031233071002494,0.0147463772279677,-0.0638887299072109,0.1471402401076878,0.43310969036016,0.0518904799433851,1.0074792976821438,False,0.4952131576794043,,,,,
134,Shedeur Sanders,QB,CLE,58.389133,6.9621997,112.32404,39.953945,12.424,-58.389133,-6.9621997,-2.1244507,-1.2437744,-0.23078918,1.026104,-4.341881,0.0,0.0,0.0,0.0,0.1163633892976901,0.4069750930020927,0.0,1.0,True,0.4418331374853114,52.6510124206543,Deshaun Watson,,,
576,Michael Carter,RB,TEN,57.699245,21.585798,99.18804,34.860195,12.838,10.304386,2.741331,19.692017,15.784512,-5.974037,0.62073517,-2.544571,0.0408588642937269,0.1371994388578817,0.1115256911150702,-0.4245709886978127,0.1057068842222317,0.3941290958894349,0.0262375072255626,0.9953117372204984,True,0.3920977877248859,,,,,
536,Jordan James,RB,SF,57.581867,22.339262,99.99182,29.612616,15.272,-17.191086,-11.248201,14.0794525,6.8673687,-1.2793808,-0.66706085,0.8691902,0.0,0.1301752786397236,0.1551635188113856,-0.489477855153763,0.1395776308512003,0.4150714957788185,-0.0020939941264897,1.0311013569435277,False,0.3954033084467867,22.112873077392575,Christian McCaffrey,,,
424,Kendre Miller,RB,NO,57.518856,22.300089,101.105865,34.695484,14.97,-8.568546,-6.449012,22.51397,16.215418,-3.008812,0.37150574,-1.1707153,0.0211377052335572,0.1177874794759473,0.0428280007630579,-0.2840118173221255,0.1308987891119802,0.2932626321393197,0.0027110617239793,0.9802210990453571,False,0.4028631510837916,13.236892700195312,Alvin Kamara,,,
272,Ameer Abdullah,RB,JAX,57.43463,20.56083,102.80803,37.221035,13.764,2.6101303,0.008415222,27.518097,19.7057,-1.488121,0.8199158,-0.57518387,0.0365588713582889,0.0802598141083998,0.0761518252677342,-0.3271458938887263,0.1307967789733061,0.2971758028990063,0.0050748646142557,1.0038287251237363,False,0.398236092265943,,,,,
315,Xavier Smith,WR,LA,56.962334,22.077692,95.81873,31.3447,14.616,-6.066986,-3.4199429,14.559097,10.712965,1.2381058,1.1292114,2.825203,0.0363598376607676,0.0036795533298533,0.0004318276120057,-0.2340198820401138,0.1513191546804098,0.4273850996991157,0.0238526331952171,0.9818293069645876,False,0.528956228956229,,,,,
372,Caleb Douglas,WR,MIA,56.27209,23.388472,93.04903,28.873983,14.994,-4.2668266,-1.7747478,17.160141,11.370899,-5.3205338,-1.0609093,0.505764,0.0571713056890556,0.0040733325209322,0.0007746249929639,-0.0907297454223309,0.1040702857040609,0.3603501687453079,0.0,1.0,True,0.6645047716112295,,,,,
82,AJ Dillon,RB,CAR,56.154343,21.939528,99.00978,30.986532,15.176,-2.655159,-1.078373,22.965042,13.895058,2.403366,2.4863586,-0.42090607,0.018325287051667,0.150050455238547,0.090774227939357,-0.3542746068027154,0.1164321224601814,0.3295758613119898,-0.0085329743414401,1.0246330030709965,False,0.4680851063829787,,,,,
214,Chris Brooks,RB,GB,55.71992,21.980621,95.91953,29.961838,14.678,-5.268032,-4.797184,18.629921,11.064953,1.2526245,0.10194397,0.9345741,0.0333591313565566,0.0774476910981902,0.0181256265886511,-0.5252273772768169,0.1138460189524428,0.4017538368478901,-0.0038535665099792,1.0287958656801752,False,0.3548334818896361,,,,,
377,Will Kacmarek,TE,MIA,55.637867,25.895855,89.129776,26.272253,15.226,-7.412636,-5.7974644,4.227524,6.4143085,-3.5960464,-0.8153305,-0.88417435,0.0523940098483959,0.0020605143339623,0.0002983510639156,-0.0885107771999042,0.1040702857040609,0.3603501687453079,0.0,1.0,True,0.6645047716112295,13.320964813232422,Greg Dulcich,,,
529,Elijah Arroyo,TE,SEA,55.523884,23.12584,95.26288,30.231,15.01,-0.16658783,-1.9947987,20.902016,12.761072,-0.41290283,-0.6769142,3.072567,0.0592249383939617,0.0009917065587507,6.886172282193657e-05,-0.060197686466131,0.1405985830746451,0.285522936462633,0.0033032852808487,1.01255678174596,False,0.4815431383902721,,,,,
206,Brock Wright,TE,DET,55.483242,24.202375,92.32622,27.973526,14.774,-3.2424774,-1.4366341,11.564415,8.820383,-0.5300293,0.9838524,1.8129692,0.0550149448613626,0.0007391212162238,6.613433281826112e-05,-0.1011338520270128,0.1499231916251425,0.3977798292692783,0.0050952669213471,1.0006848662147716,False,0.4286541483993713,,,,,
145,Isaiah Bond,WR,CLE,55.442078,25.84403,89.390175,26.128653,15.196,-1.531086,-2.9216938,9.586456,7.4340878,-1.7734756,-0.3001175,-3.2222214,0.0682676148125956,0.0100196537492433,0.0027064052972891,-0.1413016873001086,0.1163633892976901,0.4069750930020927,0.0,1.0,True,0.4418331374853114,,,,,
87,Jimmy Horn Jr.,WR,CAR,55.345512,24.841385,88.60433,26.47291,15.06,-5.265747,-2.829607,9.496841,8.312464,-2.7096024,-1.0648155,-2.1895332,0.0469714789021433,0.020353958558125,0.0057736475566226,-0.1732688653093953,0.1164321224601814,0.3295758613119898,-0.0085329743414401,1.0246330030709965,False,0.4680851063829787,,,,,
220,Savion Williams,WR,GB,55.092064,23.61481,92.24749,27.796146,14.936,-7.923691,-6.6115704,16.379028,9.861864,-0.86338043,-1.4143677,-0.52581024,0.0382320929482292,0.020328845965342,0.0052337781582092,-0.143245689458115,0.1138460189524428,0.4017538368478901,-0.0038535665099792,1.0287958656801752,False,0.3548334818896361,,,,,
602,Dyami Brown,WR,WAS,54.59612,24.322142,91.757965,26.165022,15.054,-2.8997116,-3.3814678,17.174278,9.3694725,-0.52394104,-3.045742,-3.295864,0.0528906989319804,0.0082215980816539,0.0015329325993683,-0.1654592570669757,0.1085564630587701,0.2982102862904369,-0.0100617340773956,0.9912855940986504,False,0.3306882870450233,,,,,
328,Keaton Mitchell,RB,LAC,54.460117,22.145298,90.687904,29.268892,14.994,-9.973656,-7.5484524,11.344666,10.146389,0.72008514,-1.7667046,-3.8502007,0.0245478905202539,0.0940791674794871,0.083405951660051,-0.352496885333512,0.1261122202253332,0.3268830682101264,0.005461033624231,1.0332683268227256,False,0.4315741720852865,,,,,
17,Elijah Higgins,TE,ARI,54.047577,23.827374,91.89413,27.414196,15.546,-6.7674904,-4.383793,14.989174,9.819586,4.4577866,1.5073128,3.0074348,0.0474041046764641,0.0004988469355181,2.4062850982393304e-05,-0.1784603827568084,0.1354945388129577,0.2518147078530476,0.0128423720766785,1.0057299991686912,False,0.4367641169403284,,,,,
487,Elijah Moore,WR,PHI,53.726673,22.30413,88.7335,27.876173,15.576,-3.4379158,-1.0701141,12.347488,10.947769,1.0608215,-4.3379707,-1.1203918,0.0573001931858462,0.0034922593876655,0.0096352625408335,-0.1818102175883746,0.1257636651083655,0.456061236285385,-0.0257069245630155,0.9974740495484936,False,0.8473824312333629,,,,,
257,Ashton Dulin,WR,IND,53.70976,23.07571,88.0368,28.337399,14.654,-4.3537636,-3.3239021,9.02874,8.798969,-0.3031311,-0.37971497,-0.15500641,0.0477088672560558,0.0097926963528275,0.0019385037930639,-0.1392128778943034,0.1247273352590742,0.5588868868982128,-0.0065445017950927,0.9827606286728532,False,0.4314789687924016,,,,,
233,Jawhar Jordan,RB,HOU,53.235207,22.362606,91.94364,30.536255,14.726,-3.0894585,-2.7331085,15.330536,12.58704,-0.9141464,-0.8241234,-5.5807495,0.0200760331511381,0.1271291501883779,0.0796599417114075,-0.2870757926673433,0.1239619180366614,0.32340015184416,0.0116174936896796,1.0066790344008554,False,0.4292192841693993,,,,,
586,Daniel Bellinger,TE,TEN,53.206406,21.397318,89.181076,28.9667,15.022,-2.7733002,-0.26736832,11.640778,10.235027,0.8468323,3.6839714,1.0323906,0.048571823072099,0.0009709921117756,7.992607215017908e-05,-0.0607391101369349,0.1057068842222317,0.3941290958894349,0.0262375072255626,0.9953117372204984,True,0.3920977877248859,,,,,
207,Tyler Conklin,TE,DET,53.023956,22.163986,89.2124,28.653103,15.45,-3.1493187,-1.5477676,15.716171,11.543419,-2.5061035,0.30994034,0.54382706,0.0511530191326219,0.0035443059889668,0.0005937023014004,-0.1049957777557536,0.1499231916251425,0.3977798292692783,0.0050952669213471,1.0006848662147716,False,0.4286541483993713,,,,,
143,Denzel Boston,WR,CLE,52.12996,20.804699,84.94255,25.137594,15.04,-3.2279549,-1.4469299,14.238739,8.401358,-0.8984909,0.058818817,-2.3196907,0.0555684822427409,0.0032287036887739,0.0009902029435683,-0.1540008198699632,0.1163633892976901,0.4069750930020927,0.0,1.0,True,0.4418331374853114,,,,,
187,Adam Trautman,TE,DEN,52.05289,21.324291,88.18116,27.133625,15.756,-3.9529037,-2.0117416,9.435883,9.607874,-0.36696625,0.093429565,1.1274376,0.0481939262768289,0.000598057696383,4.125898936776607e-05,-0.0864669408807258,0.1079177124440923,0.3367956731608758,0.0081475376106117,0.9982335282057712,False,0.519899785254116,,,,,
386,Zavier Scott,RB,MIN,51.766228,19.690443,91.96902,31.673464,14.57,-5.0616074,-4.4469414,20.760536,15.291103,2.8806381,-0.2103424,-0.27604675,0.028745626859744,0.0785919353005227,0.039591601383436,-0.4508483023826981,0.1600434327998587,0.3896957606338575,0.0267451506674542,0.998050360230593,False,0.925256561620198,,,,,
138,Raheim Sanders,RB,CLE,51.123894,18.131777,86.44161,31.35592,15.004,-2.8153648,-2.3874226,17.954079,15.025133,-1.5728073,0.9794159,-6.2085915,0.021344272086994,0.1216347279616274,0.1279225846756369,-0.4742163076549575,0.1163633892976901,0.4069750930020927,0.0,1.0,True,0.4418331374853114,,,,,
244,Foster Moreau,TE,HOU,51.108265,19.79653,87.43789,28.81787,15.074,-4.4551735,-2.3660526,13.327644,10.19655,-2.1470642,-1.2031212,0.043510437,0.0498487081199309,0.0009784963853563,8.597151497542303e-05,-0.1143164232613845,0.1239619180366614,0.32340015184416,0.0116174936896796,1.0066790344008554,False,0.4292192841693993,,,,,
263,Mo Alie-Cox,TE,IND,50.98981,21.897678,89.74171,26.72861,15.622,-4.4925156,-2.8713493,13.964127,8.861116,1.9548187,-0.24747467,-1.986763,0.0564364859806011,0.0006379255265676,4.1865770244342035e-05,-0.1325164278434052,0.1247273352590742,0.5588868868982128,-0.0065445017950927,0.9827606286728532,False,0.4314789687924016,,,,,
153,Joe Milton III,QB,DAL,50.47414,0.0,119.88115,48.416336,11.806,-50.47414,0.0,7.616066,2.310566,0.5386658,1.833313,3.0215797,0.0,0.0,0.0,0.0,0.1394550773363788,0.3293631905768475,0.010142808441509,0.981795692047315,False,0.5033726812816189,61.5106143951416,Dak Prescott,,,
353,Dont'e Thornton Jr.,WR,LV,50.392204,21.729404,84.06023,26.29085,15.156,1.2908287,0.50123215,13.27182,10.531639,-0.7107315,-0.34341812,-2.6510735,0.0717503783513184,0.0019699366635918,0.0002574120772078,-0.0967930854562302,0.1224140550460232,0.4851974502007449,0.0,1.0,True,0.8254781733321132,,,,,
427,Jordyn Tyson,WR,NO,50.04411,19.16061,83.822876,26.136961,15.09,-9.214458,-3.0382042,10.465523,7.717905,-2.3525848,-0.43249512,0.567173,0.0436488461646686,0.0,0.0010995795221838,-0.207351354072706,0.1308987891119802,0.2932626321393197,0.0027110617239793,0.9802210990453571,False,0.4028631510837916,,,,,
157,Malik Davis,RB,DAL,50.016567,20.60207,87.13258,27.068933,14.508,-4.057007,-4.7891073,19.472473,10.468931,0.30465698,0.4549942,-0.50984573,0.014671738192709,0.1387420284788536,0.0717069487182907,-0.3667700061351427,0.1394550773363788,0.3293631905768475,0.010142808441509,0.981795692047315,False,0.5033726812816189,,,,,
467,Tim Patrick,WR,NYJ,49.61933,22.139967,79.41472,24.741,14.702,-4.310581,-5.0372486,10.2754135,7.738758,0.76392365,0.72670746,-3.3346634,0.0497732484003576,0.0023880165627813,0.0003483593653743,-0.2105239332893285,0.1279879451716588,0.4203132315656706,-0.0248394610887128,1.009773637040308,False,0.3558851591638476,,,,,
248,Anthony Richardson Sr.,QB,IND,49.436535,0.58334017,109.46324,42.36041,11.906,-49.436535,-0.58334017,-2.1585312,-0.7993393,0.84256744,-1.1557426,-1.1018791,0.0,0.0,0.0,0.0,0.1247273352590742,0.5588868868982128,-0.0065445017950927,0.9827606286728532,False,0.4314789687924016,53.87875652313232,Daniel Jones,,,
132,Tanner Hudson,TE,CIN,49.12497,20.025932,83.15612,26.499508,14.62,2.8637047,1.8568268,10.731499,10.332756,0.05329132,2.4730415,3.508049,0.0492159819136871,0.0011589839333312,9.94634477159566e-05,-0.0609925429974036,0.1471402401076878,0.43310969036016,0.0518904799433851,1.0074792976821438,False,0.4952131576794043,,,,,
533,Mac Jones,QB,SF,48.88108,0.43404406,115.5309,47.149258,12.28,-48.88108,-0.43404406,0.64645386,0.096508026,6.1028214,-1.1220093,0.7300873,0.0,0.0,0.0,0.0,0.1395776308512003,0.4150714957788185,-0.0020939941264897,1.0311013569435277,False,0.3954033084467867,63.71811485290527,Brock Purdy,,,
538,Isaac Guerendo,RB,SF,48.61144,18.863926,85.41757,27.958324,14.826,-10.014065,-7.606492,13.145729,9.389683,3.5223083,-0.7262001,0.21943283,0.0146449369708633,0.0768871119867976,0.0578693489559381,-0.542766021806689,0.1395776308512003,0.4150714957788185,-0.0020939941264897,1.0311013569435277,False,0.3954033084467867,10.64847183227539,Christian McCaffrey,,,
493,Grant Calcaterra,TE,PHI,48.57286,21.913197,81.75653,25.690962,15.304,-6.4088707,-5.9949703,15.532059,9.705499,1.5270844,-3.7406769,-1.6143837,0.0430909141140565,0.0002091659199256,9.39881194733301e-06,-0.1336604294606229,0.1257636651083655,0.456061236285385,-0.0257069245630155,0.9974740495484936,False,0.8473824312333629,10.58773422241211,Dallas Goedert,,,
1,Gardner Minshew II,QB,ARI,48.170208,0.79085743,113.48497,43.32525,11.572,-48.170208,-0.79085743,-1.798233,-0.7683029,2.1444168,1.2660294,2.0269737,0.0,0.0,0.0,0.0,0.1354945388129577,0.2518147078530476,0.0128423720766785,1.0057299991686912,False,0.4367641169403284,57.317524909973145,Jacoby Brissett,,,
271,LeQuint Allen Jr.,RB,JAX,47.784897,18.106873,82.226616,27.03651,15.388,-7.0358887,-4.47128,18.357857,11.600389,-2.546692,0.2510147,-1.1750908,0.0221852837738548,0.0820880303481522,0.0421687578180095,-0.3253176776489739,0.1307967789733061,0.2971758028990063,0.0050748646142557,1.0038287251237363,False,0.398236092265943,,,,,
448,Calvin Austin III,WR,NYG,47.35509,19.906376,77.88291,23.746862,14.742,-3.8769531,-2.5425816,5.0303574,6.2513046,-0.15749359,-6.271435,-6.6602974,0.0529829914442493,0.002942267784,0.0006697131289221,-0.1765742125953222,0.1219595036765839,0.3114201937567469,-0.0379548155758191,1.0186691515658644,True,0.8426877470355731,6.175876617431641,Malik Nabers,,,
419,Spencer Rattler,QB,NO,47.191982,0.0,104.61918,41.649097,11.948,-47.191982,0.0,1.3654785,-0.8576546,2.5610123,0.2826767,1.5159302,0.0,0.0,0.0,0.0,0.1308987891119802,0.2932626321393197,0.0027110617239793,0.9802210990453571,False,0.4028631510837916,55.76849365234375,Tyler Shough,,,
321,Terrance Ferguson,TE,LA,47.175236,20.729027,76.91035,24.670057,15.352,-6.784706,-5.5581474,9.311249,8.54443,-1.73526,3.939972,4.324795,0.0396902423740451,0.0026911853925713,0.0003053497568467,-0.0656916597140587,0.1513191546804098,0.4273850996991157,0.0238526331952171,0.9818293069645876,False,0.528956228956229,,,,,
226,Josh Whyle,TE,GB,47.166035,18.9561,83.112595,25.285591,15.092,-5.5785255,-1.9714012,11.790169,7.827032,2.74543,-3.1313286,-1.509037,0.0444551988037186,0.000955295912223,7.315365847921179e-05,-0.1021089768598704,0.1138460189524428,0.4017538368478901,-0.0038535665099792,1.0287958656801752,False,0.3548334818896361,,,,,
201,Greg Dortch,WR,DET,46.963604,18.64646,81.552216,26.091295,14.786,-2.4159126,-2.024191,12.318092,9.108143,1.1018524,-0.66282654,1.8202782,0.0390490273045815,0.0100335461054257,0.0207931603290428,-0.2288389865469858,0.1499231916251425,0.3977798292692783,0.0050952669213471,1.0006848662147716,False,0.4286541483993713,,,,,
74,Jackson Hawes,TE,BUF,45.883038,19.661682,78.09823,24.620602,15.446,-7.17054,-5.5004587,12.013298,8.014093,0.109054565,-2.473671,0.31246567,0.0329117209467988,0.0010100860433623,9.453747331114031e-05,-0.1140285360290363,0.1112940200872035,0.4244566408991932,-0.000121301732227,0.9946722408311236,False,0.4594729700778404,,,,,
375,Theo Wease Jr.,WR,MIA,45.79944,19.191946,76.89157,24.343054,14.912,-0.7529259,-1.30933,10.329208,8.186972,-1.0899811,0.21688461,0.70671844,0.0439860685599229,0.0006722136972578,5.537510616149135e-05,-0.1039149825514636,0.1040702857040609,0.3603501687453079,0.0,1.0,True,0.6645047716112295,,,,,
54,Durham Smythe,TE,BAL,45.721706,19.09056,76.14971,23.277056,15.256,-5.0054016,-3.1785707,10.259018,7.3202114,-3.2342072,-0.16966248,1.267559,0.0465856992054362,0.0015976847063029,0.0001155479035298,-0.1225656676615336,0.1380117918492103,0.5190721554036205,0.0,1.0,True,0.3649811726734803,,,,,
49,Ja'Kobi Lane,WR,BAL,45.505047,17.837126,80.655426,25.92962,15.268,-7.8101234,-3.9472733,13.385956,9.733295,4.58181,1.5471039,2.4941673,0.0412392212375356,0.0045464862453985,0.0005643483077371,-0.2175079420751544,0.1380117918492103,0.5190721554036205,0.0,1.0,True,0.3649811726734803,,,,,
473,Jeremy Ruckert,TE,NYJ,45.284954,19.44843,76.49543,22.48344,15.518,-3.3180695,-2.274393,10.919548,7.6448107,1.5430908,-1.6383781,-5.1824684,0.0544004680173932,0.000580748069386,3.755556552578093e-05,-0.0688043772957549,0.1279879451716588,0.4203132315656706,-0.0248394610887128,1.009773637040308,False,0.3558851591638476,,,,,
601,Treylon Burks,WR,WAS,45.095932,17.698887,77.583,25.222544,12.766,5.386894,3.8235874,8.8244095,7.370495,-0.6276398,-2.197075,-1.7429237,0.0603513829737823,0.0048525271833198,0.0007958259646389,-0.1579985730251738,0.1085564630587701,0.2982102862904369,-0.0100617340773956,0.9912855940986504,False,0.3306882870450233,,,,,
3,Jeremiyah Love,RB,ARI,44.81582,19.5797,72.77165,21.738483,15.508,-16.116264,-11.807735,10.838581,6.3210993,-0.28788757,0.2725563,2.4601746,0.0077624173526904,0.0571050606902657,0.1727177266231677,-0.3166813372910341,0.1354945388129577,0.2518147078530476,0.0128423720766785,1.0057299991686912,False,0.4367641169403284,5.7898406982421875,James Conner,,,
404,Terrell Jennings,RB,NE,44.18107,16.587362,74.03221,25.231268,14.932,-7.3018417,-5.2511015,12.075851,9.418733,-3.584999,-0.054641724,-0.44312286,0.0110603535186003,0.106546437843799,0.066202689985343,-0.3738316767004287,0.1236389624959372,0.3638319989225167,-0.0165720935212336,1.0201499901873752,False,0.4355281666555027,,,,,
309,Ronnie Rivers,RB,LA,44.13608,15.481768,76.33943,25.755976,14.522,-5.2407684,-2.5848742,9.980392,8.533987,1.3270493,-0.30991745,0.9479675,0.0142882765421195,0.0844009808273336,0.0374298140824662,-0.5114474995360807,0.1513191546804098,0.4273850996991157,0.0238526331952171,0.9818293069645876,False,0.528956228956229,,,,,
89,David Moore,WR,CAR,44.02869,19.205864,70.93517,22.109215,14.796,-1.9778061,-0.5485325,7.9955025,7.1717663,-4.7581024,-0.5344162,-0.3977394,0.04749616935103,0.0040218003466005,0.0140516209368978,-0.1727441748605086,0.1164321224601814,0.3295758613119898,-0.0085329743414401,1.0246330030709965,False,0.4680851063829787,,,,,
277,Travis Hunter,WR,JAX,43.779938,15.348235,78.55417,24.509024,13.554,-1.7733841,0.29481506,17.236687,8.660198,3.00589,-0.8211098,-0.497303,0.0421131448909485,0.006384405784219,0.001164779375596,-0.1833078983646474,0.1307967789733061,0.2971758028990063,0.0050748646142557,1.0038287251237363,False,0.398236092265943,,,,,
605,John Bates,TE,WAS,43.716343,18.892239,73.64507,22.424181,15.654,-3.70335,-3.8206387,14.550056,8.8955,5.091217,-0.8544998,-0.10457611,0.0489221814840307,0.0006717072595642,4.254759785327608e-05,-0.0772890995228813,0.1085564630587701,0.2982102862904369,-0.0100617340773956,0.9912855940986504,False,0.3306882870450233,,,,,
51,Chris Moore,WR,BAL,43.42411,17.358969,74.98176,23.728903,14.846,-1.6319733,-1.1810284,12.8698845,8.37269,1.7271271,0.4630127,0.7181778,0.0442712459401176,0.0034166067697195,0.0003426841210893,-0.2144759173725724,0.1380117918492103,0.5190721554036205,0.0,1.0,True,0.3649811726734803,,,,,
471,Kenyon Sadiq,TE,NYJ,43.132645,16.603045,71.06332,22.219526,15.306,-3.8510857,-0.046354294,8.902927,7.280714,-1.5221939,-2.0689774,-4.4439735,0.0471740486023456,0.0008958005604771,0.0002105704264971,-0.0760307967108026,0.1279879451716588,0.4203132315656706,-0.0248394610887128,1.009773637040308,False,0.3558851591638476,,,,,
282,Nate Boerkircher,TE,JAX,43.080643,18.211954,73.49982,23.525866,15.32,-5.176655,-2.5247202,10.3688965,7.090027,-0.26979828,-0.22115326,0.5016937,0.0385941251746795,0.003229581568559,0.0004486211639085,-0.0971727896708117,0.1307967789733061,0.2971758028990063,0.0050748646142557,1.0038287251237363,False,0.398236092265943,,,,,
71,Tyrell Shavers,WR,BUF,42.69036,17.702305,72.18202,23.70494,14.556,-2.663311,-1.5844288,8.554817,7.6046963,-0.5786133,-0.7560806,1.1305351,0.0368467074007008,0.0004678248830943,3.242203216705158e-05,-0.1303472072483128,0.1112940200872035,0.4244566408991932,-0.000121301732227,0.9946722408311236,False,0.4594729700778404,,,,,
296,Jalen Royals,WR,KC,42.60436,18.986256,69.67497,20.220879,14.968,-8.776665,-6.51239,5.717758,4.2412844,0.14154816,3.3166313,3.4676247,0.0344516421515328,0.0034952000435135,0.0006240299040779,-0.1892134641407524,0.137750360963442,0.3419484179188272,0.0481820440920068,0.9766929310692876,False,0.3495589676576282,3.9111175537109375,Rashee Rice,,,
480,Will Shipley,RB,PHI,42.51867,14.147415,75.34677,26.342419,15.172,-8.732849,-3.898714,11.823849,9.840975,-0.6945648,1.7602005,5.391121,0.0229378937667826,0.0605970401213622,0.0251505125224753,-0.570760667008735,0.1257636651083655,0.456061236285385,-0.0257069245630155,0.9974740495484936,False,0.8473824312333629,,,,,
412,Kyle Williams,WR,NE,42.434395,16.7198,73.09516,23.420248,14.992,-4.6442795,-2.2686567,9.379349,6.8298187,4.7941284,-1.705246,-0.29208374,0.0338758468860278,0.0041645522713098,0.0006094434196545,-0.1530013308741553,0.1236389624959372,0.3638319989225167,-0.0165720935212336,1.0201499901873752,False,0.4355281666555027,,,,,
43,Rasheen Ali,RB,BAL,42.17696,13.487773,77.86269,28.130339,14.698,-5.227249,-2.5294094,19.726063,12.755447,-1.6420212,-0.6221733,4.639534,0.0255403555143279,0.0479988357945904,0.0133324204816547,-0.6529749662789858,0.1380117918492103,0.5190721554036205,0.0,1.0,True,0.3649811726734803,,,,,
88,John Metchie III,WR,CAR,41.94602,18.068958,69.71902,21.873041,14.856,-2.3135147,-2.388811,7.241001,7.2399025,-2.1446915,-0.20551682,-1.8592949,0.0457518660242065,0.004040467756512,0.000600269300362,-0.1744884781873321,0.1164321224601814,0.3295758613119898,-0.0085329743414401,1.0246330030709965,False,0.4680851063829787,,,,,
481,Dameon Pierce,RB,PHI,41.880566,13.4742365,77.407974,26.69124,14.288,-3.2392693,-1.9625311,19.286594,10.755465,2.4249878,2.0305824,7.028187,0.0153531213456057,0.0789589302915372,0.0854008769493749,-0.55239877683856,0.1257636651083655,0.456061236285385,-0.0257069245630155,0.9974740495484936,False,0.8473824312333629,,,,,
603,Jaylin Lane,WR,WAS,41.83993,16.892399,70.51113,21.292866,14.966,-1.9210434,0.22730827,9.396736,6.8665714,0.17060089,-1.664566,-1.7117882,0.050313304077987,0.0019851410638868,0.0002041205620736,-0.1680366519209691,0.1085564630587701,0.2982102862904369,-0.0100617340773956,0.9912855940986504,False,0.3306882870450233,,,,,
431,Mason Tipton,WR,NO,41.806313,16.366478,69.25077,22.341362,14.122,0.6255264,1.2293053,7.898052,6.8797655,-4.804634,0.2276268,-0.39749908,0.0448761690495666,0.0061340626919462,0.0014310569535062,-0.206124031187808,0.1308987891119802,0.2932626321393197,0.0027110617239793,0.9802210990453571,False,0.4028631510837916,,,,,
359,Ian Thomas,TE,LV,41.789513,16.13691,72.53329,22.707184,15.274,-7.0899887,-2.5920534,12.3277855,6.9511585,1.6103058,0.7315254,-1.543602,0.0355513689202562,0.0009316160744605,9.006906564939912e-05,-0.1742130943428366,0.1224140550460232,0.4851974502007449,0.0,1.0,True,0.8254781733321132,,,,,
169,Luke Schoonmaker,TE,DAL,41.301308,16.777256,70.15394,23.500467,15.028,0.5311775,0.14641953,10.187786,8.643326,-0.1305008,-0.052768707,1.4683304,0.0418435166677081,0.0005860722210749,3.927576572421571e-05,-0.1098166251650996,0.1394550773363788,0.3293631905768475,0.010142808441509,0.981795692047315,False,0.5033726812816189,,,,,
499,Kaleb Johnson,RB,PIT,41.042603,14.005784,70.620735,21.711908,15.132,-5.0040703,-2.5670624,11.024189,6.6086264,-2.6542282,0.85564804,-1.0631905,0.0126284032287953,0.1106674564921783,0.0593350241030222,-0.3305392982140583,0.1250571975970493,0.3560411456148076,0.0208030755019294,0.9626654370229948,True,0.3358395989974937,,,,,
165,Jonathan Mingo,WR,DAL,40.637043,15.597403,72.61961,23.49447,15.148,-3.105957,-1.7535067,16.179691,9.695831,4.9978104,1.3610001,1.5195045,0.0429116900890985,0.0022034135704808,0.0002680352142199,-0.2037013909043006,0.1394550773363788,0.3293631905768475,0.010142808441509,0.981795692047315,False,0.5033726812816189,,,,,
93,Mitchell Evans,TE,CAR,40.6146,15.834437,70.50781,22.930952,15.33,-1.2661438,-0.62669563,12.761307,8.996647,-0.7625351,-1.0654144,-2.1838264,0.0407991985096776,0.0027602552489784,0.0003521038480619,-0.0524451248819721,0.1164321224601814,0.3295758613119898,-0.0085329743414401,1.0246330030709965,False,0.4680851063829787,,,,,
252,Seth McGowan,RB,IND,40.565693,13.931695,70.987434,24.323792,14.816,-10.24086,-6.2448816,8.364578,7.3072586,-0.7245407,-0.37114334,0.7995224,0.0211876214495342,0.0395922837382222,0.0388040029583966,-0.6854033616049231,0.1247273352590742,0.5588868868982128,-0.0065445017950927,0.9827606286728532,False,0.4314789687924016,15.983879089355469,Jonathan Taylor,,,
468,Isaiah Williams,WR,NYJ,40.491825,17.334076,68.24743,21.721043,14.034,0.17473221,-1.1510315,12.30172,7.3569117,1.2529831,-0.80662155,-2.2270164,0.050823885516235,0.0048569592479486,0.0007780489873094,-0.2094732961734511,0.1279879451716588,0.4203132315656706,-0.0248394610887128,1.009773637040308,False,0.3558851591638476,,,,,
505,Germie Bernard,WR,PIT,40.332607,14.720323,67.38421,22.525139,15.074,-4.9457397,-1.2746992,10.425774,7.860509,2.2957306,3.2656784,2.746544,0.0355830752024007,0.004863467274316,0.0007471496894169,-0.1788868880124669,0.1250571975970493,0.3560411456148076,0.0208030755019294,0.9626654370229948,True,0.3358395989974937,,,,,
590,Marcus Mariota,QB,WAS,40.262062,0.0,95.23205,39.221184,10.91,-40.262062,0.0,-4.0651855,0.048110962,-0.22631836,-2.1983566,-1.3752174,0.0,0.0,0.0,0.0,0.1085564630587701,0.2982102862904369,-0.0100617340773956,0.9912855940986504,False,0.3306882870450233,50.83256244659424,Jayden Daniels,,,
484,Makai Lemon,WR,PHI,39.865585,15.802639,67.965576,21.646055,14.998,-6.366398,-3.6016455,9.842258,6.088763,3.5126495,-2.800438,-1.2135582,0.0369059755901082,0.0,0.0013593903521762,-0.2022044351841125,0.1257636651083655,0.456061236285385,-0.0257069245630155,0.9974740495484936,False,0.8473824312333629,,,,,
178,Tyler Badie,RB,DEN,39.752434,14.368646,69.98962,22.845945,14.698,-5.748207,-4.434078,13.270477,8.301036,2.0201187,0.50780106,1.76614,0.0316779350483485,0.0255881673325501,0.0273440891778306,-0.4473052357820301,0.1079177124440923,0.3367956731608758,0.0081475376106117,0.9982335282057712,False,0.519899785254116,,,,,
184,Lil'Jordan Humphrey,WR,DEN,39.7379,14.205097,70.38314,23.457918,12.81,6.71632,2.717989,10.84441,8.223427,0.9903412,-0.59906006,1.1141396,0.0510513079270921,0.0006668448866815,5.3519666405819566e-05,-0.1550534627041379,0.1079177124440923,0.3367956731608758,0.0081475376106117,0.9982335282057712,False,0.519899785254116,,,,,
316,Konata Mumpfield,WR,LA,39.72993,15.9335785,69.05389,21.178127,14.888,-2.9102058,-1.9866495,14.995998,7.240696,2.408661,2.005394,3.7617722,0.0426359101163709,0.0009648950918993,7.388663332191472e-05,-0.2277438095845106,0.1513191546804098,0.4273850996991157,0.0238526331952171,0.9818293069645876,False,0.528956228956229,,,,,
115,Joe Flacco,QB,CIN,38.922565,0.0,92.40593,40.203205,9.75,-38.922565,0.0,-2.4744644,-0.700161,-2.7062378,3.673561,5.127922,0.0,0.0,0.0,0.0,0.1471402401076878,0.43310969036016,0.0518904799433851,1.0074792976821438,False,0.4952131576794043,46.81012535095215,Joe Burrow,,,
514,Drew Lock,QB,SEA,38.74439,0.0,91.71475,38.414814,10.806,-38.74439,0.0,0.1797409,0.28644943,-2.350525,-1.8699722,0.06486511,0.0,0.0,0.0,0.0,0.1405985830746451,0.285522936462633,0.0033032852808487,1.01255678174596,False,0.4815431383902721,49.7948055267334,Sam Darnold,,,
24,Tyler Goodson,RB,ATL,38.661995,13.73504,72.6944,23.32596,14.728,-4.96999,-4.1692343,15.765884,7.8307524,2.8504944,0.22639847,0.0062332153,0.0183281823027134,0.0658057313570535,0.0213260657206947,-0.5097572537282216,0.1520177118315911,0.4114755841237087,-0.0059827158096396,1.0028623118456308,False,0.3287159920371599,,,,,
164,Marquez Valdes-Scantling,WR,DAL,38.459743,14.664381,68.11011,22.72174,14.148,-2.9888153,-1.5543127,10.489662,8.158149,1.7453842,1.17733,2.4301033,0.0390971253042453,0.001782083979102,0.0002086563145847,-0.2075159556891538,0.1394550773363788,0.3293631905768475,0.010142808441509,0.981795692047315,False,0.5033726812816189,,,,,
525,Jake Bobo,WR,SEA,38.225864,15.57788,63.240555,19.920057,14.732,-6.1526756,-3.3563242,7.313751,6.0237904,-1.8287964,-0.91999054,-0.29519653,0.0313394662287696,0.0014570457124106,0.0049452424364557,-0.2340658773489333,0.1405985830746451,0.285522936462633,0.0033032852808487,1.01255678174596,False,0.4815431383902721,,,,,
606,Ben Sinnott,TE,WAS,38.05291,14.339659,68.2038,21.063757,15.284,-2.4478912,-0.7439308,10.776913,6.8442993,-2.474083,-1.5764465,-2.2909737,0.0336123007775808,0.0008916776118709,6.846252262250511e-05,-0.0925989802293313,0.1085564630587701,0.2982102862904369,-0.0100617340773956,0.9912855940986504,False,0.3306882870450233,,,,,
16,Tip Reiman,TE,ARI,37.881535,14.763736,66.964745,20.294538,15.582,-7.5057125,-4.2869005,12.416908,5.3236656,2.0932007,2.2966194,0.85783386,0.0339483246495907,0.0009783744803688,7.499701102908979e-05,-0.1919161627836819,0.1354945388129577,0.2518147078530476,0.0128423720766785,1.0057299991686912,False,0.4367641169403284,,,,,
492,Johnny Mundt,TE,PHI,37.653328,15.247444,63.987423,19.63383,15.296,-7.999708,-4.0393887,7.6133614,4.747452,1.4400597,-2.061306,-0.28183746,0.0366570547586867,0.000751958363943,8.243246969154195e-05,-0.1400942888159926,0.1257636651083655,0.456061236285385,-0.0257069245630155,0.9974740495484936,False,0.8473824312333629,11.552433013916016,Dallas Goedert,,,
378,Seydou Traore,TE,MIA,37.46137,15.524883,63.38066,20.129093,15.032,-7.418049,-4.648121,10.04274,6.448429,0.5738449,-0.017875671,0.5331497,0.0301255342894255,0.0020340405645336,0.0002475774210484,-0.1107792527588746,0.1040702857040609,0.3603501687453079,0.0,1.0,True,0.6645047716112295,6.831207275390625,Greg Dulcich,,,
126,Mitchell Tinsley,WR,CIN,36.64902,13.758821,62.76442,21.908327,14.692,-1.9004288,-0.3750944,6.307396,7.631584,-1.8351898,2.535797,5.2152348,0.0421380259061639,0.0013114438539298,0.0001182509696064,-0.2286735999348293,0.1471402401076878,0.43310969036016,0.0518904799433851,1.0074792976821438,False,0.4952131576794043,,,,,
20,Michael Penix Jr.,QB,ATL,36.515377,0.0,91.1736,39.126045,11.248,-36.515377,0.0,-0.60630035,0.23698044,-2.0969849,-0.96752167,-0.5446892,0.0,0.0,0.0,0.0,0.1520177118315911,0.4114755841237087,-0.0059827158096396,1.0028623118456308,False,0.3287159920371599,51.02337455749512,Tua Tagovailoa,,,
466,Omar Cooper Jr.,WR,NYJ,36.50562,15.220441,64.11988,20.018263,15.286,-8.611996,-5.327773,9.091858,5.8273993,1.1051254,-1.6941414,-3.5840912,0.0323325010955985,0.0023433372033943,0.0008092267259297,-0.2279646805940877,0.1279879451716588,0.4203132315656706,-0.0248394610887128,1.009773637040308,False,0.3558851591638476,,,,,
340,Charlie Kolar,TE,LAC,36.405315,15.289148,61.26649,19.062405,15.458,-8.434355,-5.259075,2.3491554,4.452264,-0.03755951,-1.0502586,-1.6963081,0.0301983374412838,0.0013193485692608,0.0001902078663438,-0.1023128257212515,0.1261122202253332,0.3268830682101264,0.005461033624231,1.0332683268227256,False,0.4315741720852865,,,,,
518,George Holani,RB,SEA,36.213642,12.817247,66.236275,21.59415,14.528,-5.256468,-4.177285,14.094364,7.884466,2.1679764,0.3381195,0.5243225,0.0118832439797256,0.0809956682589022,0.0327256238554517,-0.3601337698203035,0.1405985830746451,0.285522936462633,0.0033032852808487,1.01255678174596,False,0.4815431383902721,,,,,
286,Justin Fields,QB,KC,36.11014,0.0,100.921104,42.96445,12.748,-36.11014,0.0,5.3237686,0.8153038,2.0795517,2.7111855,2.8518791,0.0,0.0,0.0,0.0,0.137750360963442,0.3419484179188272,0.0481820440920068,0.9766929310692876,False,0.3495589676576282,,,,,
215,Pierre Strong Jr.,RB,GB,36.10786,12.860898,64.89514,21.274387,14.592,-5.0855427,-3.5325994,6.3758087,5.7629976,-0.18637848,-0.8887558,-0.8883209,0.0181603165404754,0.057516086529577,0.0248822300885723,-0.5451589818454301,0.1138460189524428,0.4017538368478901,-0.0038535665099792,1.0287958656801752,False,0.3548334818896361,,,,,
11,Xavier Weaver,WR,ARI,36.093117,13.3454485,62.911694,21.360184,12.68,0.29090118,0.7485237,6.5460243,5.21488,-1.3266411,1.7972145,1.0860138,0.0397750456847761,0.0018951739038028,0.00018433122946,-0.152010310725221,0.1354945388129577,0.2518147078530476,0.0128423720766785,1.0057299991686912,False,0.4367641169403284,,,,,
549,Luke Farrell,TE,SF,35.85964,14.170739,63.488205,19.377989,14.906,-7.706789,-5.0516376,9.438618,5.390012,4.0488014,-2.3644295,-0.752018,0.0290266571040492,0.0007663893632686,5.559945782194354e-05,-0.1597672318393216,0.1395776308512003,0.4150714957788185,-0.0020939941264897,1.0311013569435277,False,0.3954033084467867,,,,,
168,Brevyn Spann-Ford,TE,DAL,35.637985,13.059014,60.78142,20.252504,15.18,-5.2169323,-2.2434902,6.1206512,5.2327538,-2.070221,0.4958725,0.64321136,0.0306320170456417,0.000652886429023,4.584510296936432e-05,-0.1210281247871661,0.1394550773363788,0.3293631905768475,0.010142808441509,0.981795692047315,False,0.5033726812816189,,,,,
511,Robert Tonyan,TE,PIT,35.205902,13.64173,62.97195,20.693293,15.204,-3.5853195,-3.0999804,10.010452,7.190057,2.750023,1.2614822,1.8135109,0.0315207823423094,0.0014589045386906,0.0001384588909904,-0.1081107014225179,0.1250571975970493,0.3560411456148076,0.0208030755019294,0.9626654370229948,True,0.3358395989974937,,,,,
373,Chris Bell,WR,MIA,34.394764,13.998424,58.318768,18.182013,15.22,-6.771158,-3.844325,7.893852,5.6110096,0.5955696,-0.08843231,0.19792938,0.0315983513962928,0.0020544176042463,0.0002971159139272,-0.1163026997150937,0.1040702857040609,0.3603501687453079,0.0,1.0,True,0.6645047716112295,,,,,
348,Dare Ogunbowale,RB,LV,34.377247,9.895726,63.123978,23.443274,14.818,-2.2115936,-1.5825863,15.214169,11.362192,-1.267868,0.31907272,-3.963543,0.0240721060925543,0.041168975039406,0.0705056878828822,-0.6263426044621911,0.1224140550460232,0.4851974502007449,0.0,1.0,True,0.8254781733321132,,,,,
495,Mason Rudolph,QB,PIT,33.612534,0.0,91.02862,39.37689,10.676,-33.612534,0.0,7.0427322,1.4801445,4.90757,1.6955433,2.0886917,0.0,0.0,0.0,0.0,0.1250571975970493,0.3560411456148076,0.0208030755019294,0.9626654370229948,True,0.3358395989974937,53.55605983734131,Aaron Rodgers,,,
329,Jaret Patterson,RB,LAC,33.536694,10.08283,59.95881,21.434792,13.072,-1.9386616,-0.13767242,11.667404,7.2892246,-0.5697403,-0.7091179,-1.0368881,0.0136107767325928,0.0861868030354431,0.0829758676473628,-0.360389249777556,0.1261122202253332,0.3268830682101264,0.005461033624231,1.0332683268227256,False,0.4315741720852865,,,,,
539,Patrick Taylor Jr.,RB,SF,33.382145,11.54653,60.96616,19.826857,14.498,-6.3185635,-3.9899406,9.590282,6.249962,1.8067627,-0.84217453,1.3516693,0.0147457147799272,0.0638194959176875,0.0448140024037496,-0.5558336378757991,0.1395776308512003,0.4150714957788185,-0.0020939941264897,1.0311013569435277,False,0.3954033084467867,10.459390640258787,Christian McCaffrey,,,
81,Trevor Etienne,RB,CAR,32.86511,11.50666,59.921368,20.372993,15.356,-7.5589733,-4.04392,12.498173,6.9401684,2.113182,0.33732224,0.37532425,0.0100705198455542,0.0599477284430108,0.0388357213366107,-0.4443773335982516,0.1164321224601814,0.3295758613119898,-0.0085329743414401,1.0246330030709965,False,0.4680851063829787,,,,,
391,Tai Felton,WR,MIN,32.548298,12.604922,57.407383,17.221807,14.99,-7.562155,-4.335435,9.950733,4.466387,2.643734,1.6061745,0.69851494,0.0237271245972723,0.0018315300930199,0.0001858137212723,-0.2477850271511061,0.1600434327998587,0.3896957606338575,0.0267451506674542,0.998050360230593,False,0.925256561620198,,,,,
39,Tyler Huntley,QB,BAL,32.466763,0.0,87.12456,38.494423,10.45,-32.466763,0.0,-0.52897644,0.38840485,4.472229,0.2069931,0.9598141,0.0,0.0,0.0,0.0,0.1380117918492103,0.5190721554036205,0.0,1.0,True,0.3649811726734803,,,,,
195,Sione Vaki,RB,DET,32.135323,10.314832,58.664097,20.089722,14.746,-10.5214,-5.450286,7.208786,5.658801,0.6751442,-0.8476753,2.1290112,0.0084618455335499,0.0390693198101966,0.0170920923553052,-0.4876465290267573,0.1499231916251425,0.3977798292692783,0.0050952669213471,1.0006848662147716,False,0.4286541483993713,,,,,
265,Will Mallory,TE,IND,32.06938,12.335865,54.891613,18.130844,15.118,-3.4475918,-3.3177671,7.098091,5.5529003,1.4855042,-0.29450226,-0.33005524,0.0283227531162019,0.0003289267592824,1.9420129833111073e-05,-0.1606301607078044,0.1247273352590742,0.5588868868982128,-0.0065445017950927,0.9827606286728532,False,0.4314789687924016,,,,,
267,Nick Mullens,QB,JAX,31.849535,0.0,78.84296,37.202087,11.332,-31.849535,0.0,-3.9536133,-0.006668091,1.3993912,-0.3336277,0.08600807,0.0,0.0,0.0,0.0,0.1307967789733061,0.2971758028990063,0.0050748646142557,1.0038287251237363,False,0.398236092265943,,,,,
587,Kylen Granson,TE,TEN,31.714582,11.685165,55.081562,18.371088,15.036,-1.4906826,-0.5550709,4.9001846,5.47398,-0.06904602,0.41798973,-0.5170994,0.0362252489470968,0.0011003523865654,9.408208194227818e-05,-0.0730856842619371,0.1057068842222317,0.3941290958894349,0.0262375072255626,0.9953117372204984,True,0.3920977877248859,,,,,
106,Zavion Thomas,WR,CHI,31.680107,12.3065815,54.787083,17.48747,14.958,-3.6493282,-2.6497679,5.64542,4.4972944,0.78764725,-1.1445541,-1.494587,0.033972708786356,0.001134047587652,0.000649356158674,-0.18017488203009,0.1187327241791947,0.3771973638719102,-0.0095964423250418,0.9918297047940632,False,0.3963857924253964,,,,,
149,Joe Royer,TE,CLE,31.639032,12.115943,54.830124,17.864473,15.246,-5.1238747,-3.2912512,6.477516,4.319029,-0.27157593,-0.05239868,-1.6461658,0.0300940876016913,0.0015393527766137,0.0003510412645371,-0.15098223367401,0.1163633892976901,0.4069750930020927,0.0,1.0,True,0.4418331374853114,,,,,
259,Deion Burks,WR,IND,31.615305,12.587444,53.145184,17.378616,14.856,-4.094904,-2.9630518,4.7054367,4.5014944,0.4793663,1.2062378,0.2750244,0.0308629510221293,0.0011800333379813,0.0002837094111952,-0.1560587941282299,0.1247273352590742,0.5588868868982128,-0.0065445017950927,0.9827606286728532,False,0.4314789687924016,,,,,
147,Malachi Corley,WR,CLE,31.38526,11.291439,55.332092,17.53843,14.876,-1.8832741,-0.67226124,9.892769,5.6594057,1.2451859,0.27174187,-1.3656368,0.0267577209555287,0.0230539022257203,0.0287912033984535,-0.1828115811571755,0.1163633892976901,0.4069750930020927,0.0,1.0,True,0.4418331374853114,,,,,
567,Payne Durham,TE,TB,31.028877,10.459219,55.255714,18.454456,15.076,-2.3054867,-0.9577093,7.6421776,6.1224375,-0.50027084,-0.5609722,-0.31878662,0.0332156868361758,0.0008965475551428,6.991365498518555e-05,-0.116501655260877,0.1326599254096101,0.3682656615316566,0.0102168002781305,1.019087608186837,False,0.8724547057880391,,,,,
119,Tahj Brooks,RB,CIN,30.593863,9.8757925,54.36869,18.19475,14.892,-6.664301,-3.3499656,7.8789215,5.1297216,0.8754158,-0.79911613,-1.6350231,0.0095630529676327,0.0752853105056141,0.0343043718851653,-0.5441849192054412,0.1471402401076878,0.43310969036016,0.0518904799433851,1.0074792976821438,False,0.4952131576794043,,,,,
506,Ben Skowronek,WR,PIT,30.544582,10.026037,54.71992,18.033379,14.522,-3.3389359,-0.6532898,8.206478,5.3127184,-2.4787292,1.7069855,2.0609722,0.0273030257629155,0.0015442582094952,0.0001499308867156,-0.1871669374519521,0.1250571975970493,0.3560411456148076,0.0208030755019294,0.9626654370229948,True,0.3358395989974937,,,,,
242,Justin Watson,WR,HOU,30.447742,11.117238,52.814552,17.504066,15.286,-6.436844,-3.6564908,5.974964,5.0540295,2.278305,0.17731857,0.17959023,0.025674957865173,0.0004570053026963,3.324136526965898e-05,-0.2004431348501518,0.1239619180366614,0.32340015184416,0.0116174936896796,1.0066790344008554,False,0.4292192841693993,,,,,
31,Dylan Drummond,WR,ATL,30.282982,10.247912,51.652676,17.817856,14.67,-1.370945,-0.34719467,8.039608,6.3561296,-0.6270256,-0.57030106,-0.4849949,0.0342962866895088,0.0012463521836464,0.0001277725775539,-0.2308058747151728,0.1520177118315911,0.4114755841237087,-0.0059827158096396,1.0028623118456308,False,0.3287159920371599,,,,,
425,Ty Chandler,RB,NO,30.169088,11.071373,52.573807,18.281427,14.668,-5.768461,-4.5203986,3.91111,5.477495,-2.2666893,-1.2354584,-1.8949261,0.0139843524964749,0.0435234706811196,0.0561263439756691,-0.3582758261169533,0.1308987891119802,0.2932626321393197,0.0027110617239793,0.9802210990453571,False,0.4028631510837916,5.837120056152344,Alvin Kamara,,,
450,JuJu Smith-Schuster,WR,NYG,30.124628,11.957312,50.93901,16.485682,14.628,-4.3201694,-3.4488153,4.311096,3.88982,-2.8668594,-2.4586506,-4.0568066,0.0315626533498823,0.000725965952173,9.35394306786418e-05,-0.1979945506896892,0.1219595036765839,0.3114201937567469,-0.0379548155758191,1.0186691515658644,True,0.8426877470355731,2.498167037963867,Malik Nabers,,,
229,Davis Mills,QB,HOU,29.988829,0.0,76.40086,37.0502,12.5,-29.988829,0.0,-7.551811,0.3297615,-1.6015549,0.84386826,-0.88147354,0.0,0.0,0.0,0.0,0.1239619180366614,0.32340015184416,0.0116174936896796,1.0066790344008554,False,0.4292192841693993,,,,,
537,Kaelon Black,RB,SF,29.914352,9.761736,53.5651,17.75312,15.196,-15.525544,-7.1895423,1.9355469,1.6690788,0.05904007,0.7354069,0.31398773,0.0,0.0468873743945975,0.0371473619062762,-0.5727657593988891,0.1395776308512003,0.4150714957788185,-0.0020939941264897,1.0311013569435277,False,0.3954033084467867,17.655929565429688,Christian McCaffrey,,,
379,Ben Sims,TE,MIA,29.80716,11.975882,50.90561,15.641301,15.242,-4.6761074,-3.4392042,4.402664,3.4237747,-1.0379028,-1.6836472,0.41378593,0.025794995852664,0.0004314255560475,2.9039732170871272e-05,-0.1151097911956361,0.1040702857040609,0.3603501687453079,0.0,1.0,True,0.6645047716112295,4.522605895996094,Greg Dulcich,,,
210,Tyrod Taylor,QB,GB,29.785568,0.0,81.336845,37.142452,10.144,-29.785568,0.0,-1.6156235,-0.33343124,-0.66135406,-1.2687893,0.3939991,0.0,0.0,0.0,0.0,0.1138460189524428,0.4017538368478901,-0.0038535665099792,1.0287958656801752,False,0.3548334818896361,,,,,
335,KeAndre Lambert-Smith,WR,LAC,29.688105,9.6981125,51.672092,18.429134,14.686,-3.1023426,-1.2892723,7.963688,6.237236,0.1926384,-0.1620369,-0.356678,0.0308428544723828,0.0009488963059242,0.0001186065306129,-0.1846531060764873,0.1261122202253332,0.3268830682101264,0.005461033624231,1.0332683268227256,False,0.4315741720852865,,,,,
457,Cade Klubnik,QB,NYJ,29.53527,0.0,77.718506,33.66824,13.654,-29.53527,0.0,-1.49926,-0.90662766,-1.7907562,-1.20574,-4.3588104,0.0,0.0,0.0,0.0,0.1279879451716588,0.4203132315656706,-0.0248394610887128,1.009773637040308,False,0.3558851591638476,,,,,
107,Jahdae Walker,WR,CHI,29.377674,11.087545,49.409313,15.918742,14.862,-2.5772095,-1.9750004,3.4023933,3.4773378,-2.5512238,-1.4935837,-2.418703,0.0341504848793603,0.0011070550405436,0.0001137795218397,-0.1799971059370856,0.1187327241791947,0.3771973638719102,-0.0095964423250418,0.9918297047940632,False,0.3963857924253964,,,,,
264,Drew Ogletree,TE,IND,29.318539,9.937299,52.800488,16.601198,14.866,-4.1051598,-0.28144932,4.991455,3.6890059,2.4887009,-0.5807953,-0.6099262,0.0277067494024194,0.0006661244602789,4.498146791806355e-05,-0.1612461644215869,0.1247273352590742,0.5588868868982128,-0.0065445017950927,0.9827606286728532,False,0.4314789687924016,,,,,
131,Erick All Jr.,TE,CIN,29.165764,9.963485,52.32206,17.801125,13.748,-2.946745,-0.7511444,8.273502,5.1181307,0.7087097,3.1590652,2.7205353,0.022775694836644,0.0016366667150133,0.0001612499088418,-0.0874328300744468,0.1471402401076878,0.43310969036016,0.0518904799433851,1.0074792976821438,False,0.4952131576794043,,,,,
278,Josh Cameron,WR,JAX,28.949594,12.543868,48.569733,15.650263,15.016,-6.9857006,-5.545139,4.4815674,3.7696266,2.366928,0.8039074,0.9571457,0.0232757663066968,0.0032200257573741,0.0004467639075001,-0.2021452769488991,0.1307967789733061,0.2971758028990063,0.0050748646142557,1.0038287251237363,False,0.398236092265943,,,,,
90,Brycen Tremayne,WR,CAR,28.94412,11.643102,48.887188,15.327601,14.61,-3.157978,-2.9773188,6.7265472,3.6591597,0.5179901,-0.5027523,-1.0321732,0.0250490181154173,0.0003707408634067,2.1185585405241255e-05,-0.1951913260961214,0.1164321224601814,0.3295758613119898,-0.0085329743414401,1.0246330030709965,False,0.4680851063829787,,,,,
36,Charlie Woerner,TE,ATL,28.860798,10.357808,50.940113,16.693333,15.606,-5.2650566,-3.4468002,10.071228,6.167431,2.4795876,-0.23823357,-0.45182037,0.0258816985036821,0.0007927362883933,6.165932160503088e-05,-0.1535520745516662,0.1520177118315911,0.4114755841237087,-0.0059827158096396,1.0028623118456308,False,0.3287159920371599,,,,,
469,Arian Smith,WR,NYJ,28.167488,9.627577,50.692497,16.818764,14.79,-2.151125,0.3570795,7.7487144,5.116763,-1.5349464,-1.5172539,-3.257801,0.0314433537983912,0.0078884224313599,0.0015554096192017,-0.228853827891295,0.1279879451716588,0.4203132315656706,-0.0248394610887128,1.009773637040308,False,0.3558851591638476,,,,,
443,Eric Gray,RB,NYG,27.884138,8.731112,50.963543,17.24719,14.608,-7.3919544,-4.1506734,4.224865,3.8535662,-1.4165268,-1.0908833,-0.69555855,0.0138847749264282,0.0307713788730385,0.0339602166996152,-0.3384144222293554,0.1219595036765839,0.3114201937567469,-0.0379548155758191,1.0186691515658644,True,0.8426877470355731,,,,,
578,Carnell Tate,WR,TEN,27.82892,10.86036,47.63217,15.861683,15.084,-7.1971035,-4.5080495,0.82019806,2.960886,-3.0035858,2.2640972,-0.74212265,0.0230589442784943,0.0004816457421281,0.0011132351348521,-0.1289560323451783,0.1057068842222317,0.3941290958894349,0.0262375072255626,0.9953117372204984,True,0.3920977877248859,,,,,
400,Tommy DeVito,QB,NE,27.802544,0.0,80.00511,35.242584,10.988,-27.802544,0.0,3.246109,0.48472595,3.2128448,-1.5715656,-0.7681446,0.0,0.0,0.0,0.0,0.1236389624959372,0.3638319989225167,-0.0165720935212336,1.0201499901873752,False,0.4355281666555027,,,,,
489,Darius Cooper,WR,PHI,27.800892,11.228449,48.277466,15.964203,14.96,-3.5213985,-3.70571,7.3356895,4.6002436,1.4574356,-2.2744389,-0.256958,0.0240516137898253,0.0002333637317861,3.798905619686128e-05,-0.2150587969843955,0.1257636651083655,0.456061236285385,-0.0257069245630155,0.9974740495484936,False,0.8473824312333629,,,,,
552,Jake Browning,QB,TB,27.746325,0.0,78.19513,34.751957,10.822,-27.746325,0.0,2.8456802,0.037815094,-0.36802673,0.45688438,0.039829254,0.0,0.0,0.0,0.0,0.1326599254096101,0.3682656615316566,0.0102168002781305,1.019087608186837,False,0.8724547057880391,,,,,
50,Elijah Sarratt,WR,BAL,27.706211,9.235203,49.68734,16.32497,15.14,-4.760721,-2.230877,5.280834,3.9449434,-3.3702698,-0.25646973,0.42472076,0.0227927522079064,0.0022930564426085,0.0002164619845082,-0.2359544111047836,0.1380117918492103,0.5190721554036205,0.0,1.0,True,0.3649811726734803,,,,,
324,Trey Lance,QB,LAC,27.365294,0.0,74.14137,34.760143,12.16,-27.365294,0.0,-4.172249,0.3408394,-0.9841461,-0.99759483,-1.1683693,0.0,0.0,0.0,0.0,0.1261122202253332,0.3268830682101264,0.005461033624231,1.0332683268227256,False,0.4315741720852865,,,,,
25,Nathan Carter,RB,ATL,27.038647,7.2320037,49.400158,18.410252,15.004,-5.323246,-2.4276037,7.0154915,5.676795,-1.7533379,0.16513062,-0.14559174,0.0051014451866324,0.0574389707946056,0.0320828461346422,-0.5181240142906695,0.1520177118315911,0.4114755841237087,-0.0059827158096396,1.0028623118456308,False,0.3287159920371599,,,,,
77,Kenny Pickett,QB,CAR,26.765724,0.0,74.77239,33.253498,12.584,-26.765724,0.0,2.9449692,0.40414047,1.9088669,-0.5681515,-1.0088177,0.0,0.0,0.0,0.0,0.1164321224601814,0.3295758613119898,-0.0085329743414401,1.0246330030709965,False,0.4680851063829787,,,,,
222,Skyy Moore,WR,GB,26.249004,10.432943,42.56815,13.301045,14.806,-6.317545,-4.995323,0.2885971,1.5340853,-1.5056229,-1.1670971,-0.43084717,0.0195702591819943,0.0031148258353036,0.0004051465341868,-0.1619075232243499,0.1138460189524428,0.4017538368478901,-0.0038535665099792,1.0287958656801752,False,0.3548334818896361,,,,,
367,Donovan Edwards,RB,MIA,26.153215,8.9577675,44.962616,15.294056,15.046,-7.6273193,-4.824206,3.9950943,3.0736647,-4.5599937,-0.28219414,-0.55018616,0.0125686020578668,0.0259468192325794,0.0103485492641892,-0.5065592042448942,0.1040702857040609,0.3603501687453079,0.0,1.0,True,0.6645047716112295,,,,,
527,Cody White,WR,SEA,25.776258,8.155588,44.69428,15.117987,14.708,-7.8051796,-4.3697734,1.4571114,2.1146984,-0.84799576,0.102760315,0.27088165,0.0133985410709063,0.0005034715924769,2.6656699977538616e-05,-0.2520068025067965,0.1405985830746451,0.285522936462633,0.0033032852808487,1.01255678174596,False,0.4815431383902721,,,,,
491,Eli Stowers,TE,PHI,25.772503,6.975402,49.513058,16.908625,15.114,-13.996619,-4.290981,6.141968,2.21033,2.319687,-2.1993828,-1.9446945,0.0129681718253089,0.0,0.0002868804898694,-0.1637831717493704,0.1257636651083655,0.456061236285385,-0.0257069245630155,0.9974740495484936,False,0.8473824312333629,16.474872589111328,Dallas Goedert,,,
336,Derius Davis,WR,LAC,25.741514,9.072095,45.67848,15.595751,14.864,-3.400753,-1.5183926,5.8273964,4.4905386,-0.028205872,-0.12159538,-1.1965809,0.0201779666903242,0.0157445346105495,0.0048558853061396,-0.1953179938585459,0.1261122202253332,0.3268830682101264,0.005461033624231,1.0332683268227256,False,0.4315741720852865,,,,,
565,David Sills V,WR,TB,25.475363,9.333394,44.296627,14.619534,13.624,-1.3312893,-1.375567,2.7151566,3.018383,-2.2507133,0.36509132,1.221859,0.0269294427817533,0.0005858106853032,4.4731192656214254e-05,-0.1864996225642457,0.1326599254096101,0.3682656615316566,0.0102168002781305,1.019087608186837,False,0.8724547057880391,,,,,
530,Eric Saubert,TE,SEA,25.473509,8.808699,44.07631,14.232947,14.67,-2.275879,-1.5464253,3.0056915,2.7099133,-1.7900429,-1.5213871,-0.46315002,0.0267636820110868,0.0009670572994625,6.647747487878137e-05,-0.0926589428490059,0.1405985830746451,0.285522936462633,0.0033032852808487,1.01255678174596,False,0.4815431383902721,,,,,
108,Scotty Miller,WR,CHI,25.212412,8.786549,42.988773,14.982046,14.424,-1.6659603,-0.4129696,6.5695,4.8478823,-3.6711578,0.12662697,-0.5482521,0.0294661654211704,0.0010850740601263,0.0001257852704278,-0.1846814253952756,0.1187327241791947,0.3771973638719102,-0.0095964423250418,0.9918297047940632,False,0.3963857924253964,,,,,
44,Adam Randall,RB,BAL,25.193296,7.9550915,46.51144,15.504004,15.298,-8.066616,-4.6710157,6.911293,4.094164,3.3084984,1.0902901,3.2945404,0.0090660752743686,0.028960772572961,0.00753937236447,-0.6720130295006151,0.1380117918492103,0.5190721554036205,0.0,1.0,True,0.3649811726734803,,,,,
96,Tyson Bagent,QB,CHI,24.920279,0.0,67.27135,33.234287,12.178,-24.920279,0.0,-4.71344,-0.6288452,-5.1267776,-1.6127453,-1.678709,0.0,0.0,0.0,0.0,0.1187327241791947,0.3771973638719102,-0.0095964423250418,0.9918297047940632,False,0.3963857924253964,,,,,
245,Brevin Jordan,TE,HOU,24.851223,7.5916853,45.55162,15.101897,13.34,-0.5667515,1.3984461,6.5395126,2.8961,-0.3198738,-0.9661617,-0.3646946,0.0263532248016007,0.0010962375605243,0.000121555623541,-0.1378119065797147,0.1239619180366614,0.32340015184416,0.0116174936896796,1.0066790344008554,False,0.4292192841693993,,,,,
253,Ulysses Bentley IV,RB,IND,24.752016,7.519196,48.227028,16.405941,15.016,-9.633155,-4.9072595,6.6896057,3.6976576,1.1553612,0.6562481,0.78352547,0.010990256191722,0.018354633360274,0.0096626574881954,-0.7066410119828712,0.1247273352590742,0.5588868868982128,-0.0065445017950927,0.9827606286728532,False,0.4314789687924016,12.177553176879885,Jonathan Taylor,,,
429,Bryce Lance,WR,NO,24.615427,8.918728,43.024265,13.83393,15.086,-9.177228,-5.8400774,4.423355,2.1974611,0.089027405,0.3033142,1.6594467,0.016735986130933,0.0,0.0006024865943351,-0.2342642141064416,0.1308987891119802,0.2932626321393197,0.0027110617239793,0.9802210990453571,False,0.4028631510837916,,,,,
438,Jameis Winston,QB,NYG,24.54291,0.0,63.003925,28.408165,10.07,-24.54291,0.0,0.763443,-1.8748913,2.860569,-3.1564884,-4.1014557,0.0,0.0,0.0,0.0,0.1219595036765839,0.3114201937567469,-0.0379548155758191,1.0186691515658644,True,0.8426877470355731,,,,,
571,Mitchell Trubisky,QB,TEN,24.310112,0.0,66.13411,31.372688,10.614,-24.310112,0.0,-2.1851196,1.5105343,0.76374054,1.5028038,0.029335022,0.0,0.0,0.0,0.0,0.1057068842222317,0.3941290958894349,0.0262375072255626,0.9953117372204984,True,0.3920977877248859,,,,,
58,Kyle Allen,QB,BUF,24.283882,0.0,68.759544,32.68695,11.356,-24.283882,0.0,-1.9893036,0.011528015,-4.768921,-0.90623283,0.61091805,0.0,0.0,0.0,0.0,0.1112940200872035,0.4244566408991932,-0.000121301732227,0.9946722408311236,False,0.4594729700778404,,,,,
172,Jarrett Stidham,QB,DEN,24.021215,0.0,67.01482,32.458538,10.328,-24.021215,0.0,-1.6270828,0.11513901,-4.431282,-0.0066604614,0.8212166,0.0,0.0,0.0,0.0,0.1079177124440923,0.3367956731608758,0.0081475376106117,0.9982335282057712,False,0.519899785254116,,,,,
189,Nate Adkins,TE,DEN,23.62369,8.090407,42.61568,14.436399,14.834,-2.8952389,-1.8153491,5.660778,3.5500565,2.3974037,-0.008050919,1.1422825,0.0222671896491316,0.0002247401717945,1.1589161730612943e-05,-0.112393677508423,0.1079177124440923,0.3367956731608758,0.0081475376106117,0.9982335282057712,False,0.519899785254116,,,,,
334,Brenen Thompson,WR,LAC,23.45447,7.441667,41.995106,13.636556,14.868,-4.893696,-2.2506652,3.8683777,2.184083,-1.3848419,-0.038015366,0.07585335,0.020479218673781,0.0,0.0009623426178731,-0.1950167418750891,0.1261122202253332,0.3268830682101264,0.005461033624231,1.0332683268227256,False,0.4315741720852865,,,,,
297,Cyrus Allen,WR,KC,23.425545,8.718256,40.392906,12.885199,14.908,-9.50892,-5.865006,3.3199806,1.8783407,-1.8614693,1.5553455,2.1940002,0.0130435350595808,0.0019639109981243,0.0003271250701549,-0.2106215712327044,0.137750360963442,0.3419484179188272,0.0481820440920068,0.9766929310692876,False,0.3495589676576282,5.852479934692383,Rashee Rice,,,
583,Bryce Oliver,WR,TEN,23.360308,8.774634,41.658825,12.989158,14.872,-6.598219,-3.9975805,2.2623024,1.5356073,1.1681442,0.37908173,0.22177124,0.0167248770948737,0.0008229003097694,7.96585462317063e-05,-0.1352900995287989,0.1057068842222317,0.3941290958894349,0.0262375072255626,0.9953117372204984,True,0.3920977877248859,,,,,
227,Drake Dabney,TE,GB,23.165844,7.0511494,39.469723,13.172502,13.638,-3.3319244,-1.192698,0.8183861,1.6458406,-0.00390625,-0.49290657,-0.38672447,0.0205543084016977,0.0004919992760685,3.834585426217438e-05,-0.1260098672618913,0.1138460189524428,0.4017538368478901,-0.0038535665099792,1.0287958656801752,False,0.3548334818896361,,,,,
462,Kene Nwangwu,RB,NYJ,23.163525,6.125911,44.291767,15.210543,14.67,-6.0177135,-3.014219,8.259483,4.142288,0.2785759,0.78933716,-0.39100647,0.0060831685832391,0.0365045007972974,0.0888251001937442,-0.5625092052794799,0.1279879451716588,0.4203132315656706,-0.0248394610887128,1.009773637040308,False,0.3558851591638476,,,,,
146,Tylan Wallace,WR,CLE,23.09478,7.648978,40.36618,13.9571495,14.59,-4.0326557,-2.4991312,2.1861382,3.1789522,2.4236832,-0.95835114,-1.2533112,0.0191964446939155,0.0010669924315681,0.0001335607412277,-0.1903728574187887,0.1163633892976901,0.4069750930020927,0.0,1.0,True,0.4418331374853114,,,,,
594,Kaytron Allen,RB,WAS,23.036469,7.2160916,40.532276,14.117697,14.922,-10.723496,-5.460963,2.0886688,1.8313932,-0.74638367,1.1393356,2.5502834,0.0027359842938311,0.0311593781503789,0.0377988000690892,-0.4007372754382332,0.1085564630587701,0.2982102862904369,-0.0100617340773956,0.9912855940986504,False,0.3306882870450233,,,,,
191,Teddy Bridgewater,QB,DET,22.759167,0.0,64.13251,30.82382,10.946,-22.759167,0.0,-2.9993286,0.8779888,-4.9390945,0.11758423,1.0219536,0.0,0.0,0.0,0.0,0.1499231916251425,0.3977798292692783,0.0050952669213471,1.0006848662147716,False,0.4286541483993713,,,,,
302,Jared Wiley,TE,KC,22.385315,7.161942,42.386444,14.400705,15.09,-7.804654,-3.5381043,4.334587,2.0842772,2.6140327,1.5320129,1.2737522,0.0141250612956364,0.0016310342527427,0.0002090817712104,-0.18362640073754,0.137750360963442,0.3419484179188272,0.0481820440920068,0.9766929310692876,False,0.3495589676576282,,,,,
203,Cedrick Wilson Jr.,WR,DET,22.243065,7.1154904,38.886585,14.056988,14.568,-3.3172836,-2.7145057,2.5644379,3.691966,-1.9267426,-0.5675907,0.7373829,0.0181166694341184,0.0013902421282705,0.0001601591159847,-0.2497713444174489,0.1499231916251425,0.3977798292692783,0.0050952669213471,1.0006848662147716,False,0.4286541483993713,,,,,
150,Jack Stoll,TE,CLE,22.19164,8.4656725,40.163967,13.362931,15.458,-3.2191162,-2.7176704,7.5203667,3.7658129,1.1356354,-0.6580887,-1.7693806,0.0250577299350403,0.0010705606228935,0.0001276420721519,-0.1560185913406609,0.1163633892976901,0.4069750930020927,0.0,1.0,True,0.4418331374853114,,,,,
158,Phil Mafah,RB,DAL,22.115974,6.3236785,41.14763,13.60264,15.252,-9.363867,-3.9525108,4.152149,2.2108507,1.0498009,0.5443287,-0.866621,0.0031379769659737,0.0367888782661849,0.0194975699343006,-0.4687231563478114,0.1394550773363788,0.3293631905768475,0.010142808441509,0.981795692047315,False,0.5033726812816189,,,,,
500,Travis Homer,RB,PIT,22.055916,6.295701,41.4205,14.729398,14.658,-6.353693,-3.1190464,8.621342,4.645687,0.6444206,1.3550014,0.47519684,0.0098736414334528,0.0241610379104558,0.0070476616297033,-0.4170457167957808,0.1250571975970493,0.3560411456148076,0.0208030755019294,0.9626654370229948,True,0.3358395989974937,,,,,
221,Bo Melton,WR,GB,22.005884,7.479035,40.1486,13.3544655,12.986,-4.956112,-2.9933085,3.8121948,1.8667574,0.3631897,-0.8646774,-0.0014305115,0.0176769142859047,0.0017498359113825,0.0002537193196635,-0.1638008681204396,0.1138460189524428,0.4017538368478901,-0.0038535665099792,1.0287958656801752,False,0.3548334818896361,,,,,
385,Demond Claiborne,RB,MIN,21.832664,5.8510246,41.26848,13.824753,15.186,-14.187042,-5.10769,4.849743,1.7452898,-0.07102966,-0.7797756,-0.60595894,0.0,0.0276154424728223,0.0351585526408438,-0.5018247952103985,0.1600434327998587,0.3896957606338575,0.0267451506674542,0.998050360230593,False,0.925256561620198,,,,,
599,Antonio Williams,WR,WAS,21.695833,6.91148,38.165096,12.237514,15.026,-10.962422,-4.748163,1.1072731,0.16851234,-0.43878937,-0.52036095,0.1686821,0.0122020671782978,0.0019536620859319,0.0007827858137368,-0.2061478888206583,0.1085564630587701,0.2982102862904369,-0.0100617340773956,0.9912855940986504,False,0.3306882870450233,,,,,
234,British Brooks,RB,HOU,21.69312,6.5130043,38.945484,13.247887,14.642,-7.0429296,-3.4483874,4.0166054,2.6787252,-0.83909225,-0.49455643,-1.4804535,0.0046929734812986,0.0442327207905013,0.0401311884792736,-0.3699722220652198,0.1239619180366614,0.32340015184416,0.0116174936896796,1.0066790344008554,False,0.4292192841693993,,,,,
197,Raheem Blackshear,RB,DET,21.680878,5.7479596,40.366722,14.22451,14.836,-7.740655,-3.4216967,5.139866,3.489174,1.3215141,0.57377625,3.0219994,0.0039562900745375,0.0306894773155541,0.0130880783545379,-0.4960263715213998,0.1499231916251425,0.3977798292692783,0.0050952669213471,1.0006848662147716,False,0.4286541483993713,,,,,
283,Tanner Koziol,TE,JAX,21.67627,6.3330803,39.284508,13.22732,15.078,-5.7174835,-1.6334224,3.1307678,2.6305113,-0.5655441,0.5555668,-0.732975,0.0157845787246434,0.0030792588864498,0.0004196620343366,-0.1199823361208478,0.1307967789733061,0.2971758028990063,0.0050748646142557,1.0038287251237363,False,0.398236092265943,,,,,
55,Matthew Hibner,TE,BAL,21.654787,6.931812,40.200123,13.136223,15.152,-6.7995586,-3.8053415,4.068596,2.2578278,-1.725483,-0.6132412,0.7967396,0.0154570202689084,0.0021928130269962,0.0002033308314531,-0.1536943465980614,0.1380117918492103,0.5190721554036205,0.0,1.0,True,0.3649811726734803,,,,,
280,Tim Jones,WR,JAX,21.238676,6.441177,39.28509,13.516564,14.582,-3.538353,-1.3556685,6.7352524,3.737526,0.18622589,-0.18483353,-0.109306335,0.0191342567298829,0.0005876951303935,4.1294092457774816e-05,-0.2062867865257131,0.1307967789733061,0.2971758028990063,0.0050748646142557,1.0038287251237363,False,0.398236092265943,,,,,
564,Kameron Johnson,WR,TB,21.223537,6.051617,37.820614,12.194793,14.776,-8.571062,-3.2341712,2.4156075,1.483201,0.40486526,0.76813316,1.1714268,0.0125732118592811,0.0049815711981569,0.0007538083260606,-0.2008558534867179,0.1326599254096101,0.3682656615316566,0.0102168002781305,1.019087608186837,False,0.8724547057880391,,,,,
562,Ted Hurst III,WR,TB,21.188137,7.0835304,38.986256,12.248402,14.968,-11.694399,-5.207575,2.4811134,0.7962074,-0.7918091,-0.8252754,-0.38103485,0.009539981951303,0.0033338743148701,0.0007463291854432,-0.203889083394696,0.1326599254096101,0.3682656615316566,0.0102168002781305,1.019087608186837,False,0.8724547057880391,,,,,
13,Devin Duvernay,WR,ARI,21.15546,7.0296183,39.966003,12.885189,14.4,-5.8763866,-3.3956606,5.704323,2.8902063,3.5088959,0.7404556,0.2824669,0.015089402598216,0.0029683268074638,0.0003624512170294,-0.1766959538117812,0.1354945388129577,0.2518147078530476,0.0128423720766785,1.0057299991686912,False,0.4367641169403284,,,,,
374,Kevin Coleman Jr.,WR,MIA,21.150331,7.117174,35.656204,11.747275,15.016,-6.275861,-4.0174294,1.704979,1.8174391,-2.0466347,1.2772617,0.8379135,0.0163236337877809,0.0017582702721617,0.0002389359959138,-0.1315774173236056,0.1040702857040609,0.3603501687453079,0.0,1.0,True,0.6645047716112295,,,,,
284,Quintin Morris,TE,JAX,21.06599,7.145762,37.64395,12.422307,14.892,-2.9773178,-2.1922307,1.2142639,1.912036,-2.270916,0.071876526,-0.1823082,0.020464912967167,0.0003491940392808,1.9923633637095943e-05,-0.1153020018783242,0.1307967789733061,0.2971758028990063,0.0050748646142557,1.0038287251237363,False,0.398236092265943,,,,,
387,Jordan Mims,RB,MIN,21.045715,6.767342,38.648403,13.2319145,14.752,-6.53749,-4.3970604,3.410595,2.899147,-0.8612251,-1.0430355,-1.9263496,0.0105770486667604,0.0232152502543874,0.0097508852872697,-0.5062249874288333,0.1600434327998587,0.3896957606338575,0.0267451506674542,0.998050360230593,False,0.925256561620198,,,,,
557,Josh Williams,RB,TB,21.009249,6.621234,38.944668,13.360146,14.594,-8.162143,-4.272132,3.8776512,2.4461002,0.4912033,-0.8454151,0.09579086,0.0047300088495533,0.0333143224865949,0.0146679430446117,-0.5125755339271316,0.1326599254096101,0.3682656615316566,0.0102168002781305,1.019087608186837,False,0.8724547057880391,,,,,
531,Nick Vannett,TE,SEA,20.856802,7.3614235,36.731976,12.106055,14.966,-4.930996,-3.190096,5.5079823,2.7528582,1.6933098,-0.07939911,-0.022993088,0.0155385272253696,0.000481019372222,2.5007427494267517e-05,-0.1038840976347231,0.1405985830746451,0.285522936462633,0.0033032852808487,1.01255678174596,False,0.4815431383902721,,,,,
2,Carson Beck,QB,ARI,20.800446,0.0,57.667824,27.270536,13.478,-20.800446,0.0,0.47720337,1.1233044,-0.8144989,0.70933723,1.0338631,0.0,0.0,0.0,0.0,0.1354945388129577,0.2518147078530476,0.0128423720766785,1.0057299991686912,False,0.4367641169403284,19.830307006835938,Jacoby Brissett,,,
273,DeeJay Dallas,RB,JAX,20.767431,6.5242453,38.143707,13.74273,14.598,-6.026332,-3.3182907,4.702011,3.824706,-0.21584702,-0.49513817,-0.56176376,0.0087055108864327,0.0320815840040466,0.011164341723465,-0.3753241239930795,0.1307967789733061,0.2971758028990063,0.0050748646142557,1.0038287251237363,False,0.398236092265943,,,,,
476,Andy Dalton,QB,PHI,20.661026,0.0,60.145084,28.340267,10.888,-20.661026,0.0,2.751812,1.3003464,3.0522423,-2.4074078,-1.0445347,0.0,0.0,0.0,0.0,0.1257636651083655,0.456061236285385,-0.0257069245630155,0.9974740495484936,False,0.8473824312333629,,,,,
520,Velus Jones Jr.,RB,SEA,20.660542,6.161963,37.83225,13.1578045,14.52,-6.678894,-2.7933545,4.74955,2.8071423,2.4962463,0.49736214,1.0636024,0.0064833502263014,0.0241710595466105,0.0060208164537449,-0.4169583785325952,0.1405985830746451,0.285522936462633,0.0033032852808487,1.01255678174596,False,0.4815431383902721,,,,,
120,Gary Brightwell,RB,CIN,20.51205,6.7280164,40.17981,13.93271,14.43,-4.938263,-3.4005835,7.627121,4.1734123,2.884472,-0.7660217,-1.6231365,0.0072778353724712,0.0390723743772068,0.0136953410694485,-0.5803978553338485,0.1471402401076878,0.43310969036016,0.0518904799433851,1.0074792976821438,False,0.4952131576794043,,,,,
363,Cam Miller,QB,MIA,20.419186,0.0,61.34675,26.71488,13.188,-20.419186,0.0,0.86167145,-0.8944645,2.1582642,-0.5118561,0.057304382,0.0,0.0,0.0,0.0,0.1040702857040609,0.3603501687453079,0.0,1.0,True,0.6645047716112295,15.504796028137209,Malik Willis,,,
488,Johnny Wilson,WR,PHI,19.849667,7.2205687,35.780773,11.887512,14.8,-4.0156593,-2.858261,3.4704857,2.4912977,1.7977219,-1.5109863,-0.27500153,0.0230143037655809,0.0004029862998553,0.0001124702102737,-0.2160961070086398,0.1257636651083655,0.456061236285385,-0.0257069245630155,0.9974740495484936,False,0.8473824312333629,,,,,
102,Salvon Ahmed,RB,CHI,19.741228,5.832952,35.379604,12.508316,14.724,-4.479369,-2.1366813,3.8019028,2.5079365,-2.491642,0.39538383,-0.34103394,0.0127764924205762,0.0186326816881002,0.010549595450537,-0.5023014797954158,0.1187327241791947,0.3771973638719102,-0.0095964423250418,0.9918297047940632,False,0.3963857924253964,,,,,
413,Efton Chism III,WR,NE,19.601376,5.776181,37.641094,13.086203,14.888,-7.7681828,-4.1610556,4.8409157,2.890664,0.040924072,-1.2059174,-0.29164886,0.0086623847351111,0.000493556395037,3.30097035522808e-05,-0.1782147930250719,0.1236389624959372,0.3638319989225167,-0.0165720935212336,1.0201499901873752,False,0.4355281666555027,,,,,
347,Dylan Laube,RB,LV,19.436476,5.65347,37.112755,13.234094,14.666,-5.0517464,-2.4365387,5.4417934,3.0625286,0.4755783,-0.34934616,-2.52594,0.0104753902585143,0.0356195921815933,0.0144814387816943,-0.6318919873200038,0.1224140550460232,0.4851974502007449,0.0,1.0,True,0.8254781733321132,,,,,
196,Jacob Saylors,RB,DET,19.42344,5.349433,34.78741,12.637735,14.888,-9.644343,-4.072843,-0.7727432,1.1970539,-2.3108978,0.6510391,1.4520626,0.003956049601693,0.0173995586474025,0.0055078051210152,-0.5093162901895514,0.1499231916251425,0.3977798292692783,0.0050952669213471,1.0006848662147716,False,0.4286541483993713,,,,,
591,Athan Kaliakmanis,QB,WAS,19.416807,0.0,54.341984,25.116865,13.802,-19.416807,0.0,0.13303375,0.28084564,-1.2805481,0.009414673,-0.8423462,0.0,0.0,0.0,0.0,0.1085564630587701,0.2982102862904369,-0.0100617340773956,0.9912855940986504,False,0.3306882870450233,23.31184720993042,Jayden Daniels,,,
176,Jonah Coleman,RB,DEN,19.166245,3.3765433,37.222412,13.266731,15.298,-16.771076,-3.3765433,0.11180878,0.5517025,-0.11771011,-0.20084,1.1235256,0.0,0.0,0.0399761232290508,-0.4728934031145801,0.1079177124440923,0.3367956731608758,0.0081475376106117,0.9982335282057712,False,0.519899785254116,,,,,
101,Brittain Brown,RB,CHI,19.11627,4.78408,36.52901,12.342079,14.394,-5.9921713,-2.6319978,5.5005226,2.6470938,0.7138977,0.47104836,0.910841,0.0097716879406777,0.0213763499147613,0.0122009477730292,-0.4995578115687547,0.1187327241791947,0.3771973638719102,-0.0095964423250418,0.9918297047940632,False,0.3963857924253964,,,,,
249,Riley Leonard,QB,IND,19.065668,0.0,56.471252,25.38548,13.49,-19.065668,0.0,2.8433228,0.16744995,4.594879,-0.2904415,-0.074142456,0.0,0.0,0.0,0.0,0.1247273352590742,0.5588868868982128,-0.0065445017950927,0.9827606286728532,False,0.4314789687924016,18.740339279174805,Daniel Jones,,,
70,Mecole Hardman Jr.,WR,BUF,18.86841,5.708188,34.20958,11.440887,12.984,-1.5161037,-0.8705039,1.044014,0.95776844,-0.73947906,-1.0310516,-0.42263985,0.0159651160482401,0.0065672592705375,0.0014054906266213,-0.1512287986007735,0.1112940200872035,0.4244566408991932,-0.000121301732227,0.9946722408311236,False,0.4594729700778404,,,,,
496,Will Howard,QB,PIT,18.683613,0.0,54.564537,26.771833,13.49,-18.683613,0.0,-4.1133804,0.2406826,0.037490845,1.0279007,1.1392059,0.0,0.0,0.0,0.0,0.1250571975970493,0.3560411456148076,0.0208030755019294,0.9626654370229948,True,0.3358395989974937,26.70571517944336,Aaron Rodgers,,,
40,Joe Fagnano,QB,BAL,18.592249,0.0,59.01032,29.143248,13.47,-18.592249,0.0,-0.18829727,0.5327053,4.0052986,0.45262718,1.1066017,0.0,0.0,0.0,0.0,0.1380117918492103,0.5190721554036205,0.0,1.0,True,0.3649811726734803,,,,,
397,Ben Yurosek,TE,MIN,18.149921,4.913607,35.259007,12.200216,15.074,-6.1868505,-2.3410711,5.721716,2.608409,1.6621857,0.2975483,-0.031837463,0.0132612063398225,0.0011009325514338,0.0001103053391897,-0.1499342324980439,0.1600434327998587,0.3896957606338575,0.0267451506674542,0.998050360230593,False,0.925256561620198,,,,,
30,Zachariah Branch,WR,ATL,18.118324,5.4772787,32.926872,11.327645,15.118,-5.7301273,-2.9803717,2.3411007,1.2913103,0.2371254,0.118162155,-0.31306076,0.0128399182904034,0.0033026792071536,0.0007292165479582,-0.2522622431142782,0.1520177118315911,0.4114755841237087,-0.0059827158096396,1.0028623118456308,False,0.3287159920371599,,,,,
515,Jalen Milroe,QB,SEA,17.996407,0.0,47.790665,25.192427,13.578,-17.996407,0.0,-3.6062546,0.11705971,0.16869736,-1.071064,0.2897644,0.0,0.0,0.0,0.0,0.1405985830746451,0.285522936462633,0.0033032852808487,1.01255678174596,False,0.4815431383902721,20.421205520629883,Sam Darnold,,,
116,Josh Johnson,QB,CIN,17.953226,0.0,51.60393,24.43815,9.92,-17.953226,0.0,-1.5856018,0.7351227,1.2247849,1.7536049,2.2709818,0.0,0.0,0.0,0.0,0.1471402401076878,0.43310969036016,0.0518904799433851,1.0074792976821438,False,0.4952131576794043,19.624440670013428,Joe Burrow,,,
211,Kyle McCord,QB,GB,17.791628,0.0,53.622208,26.400578,13.268,-17.791628,0.0,-3.0299263,-0.6634102,-1.9703445,-0.32126045,0.38427544,0.0,0.0,0.0,0.0,0.1138460189524428,0.4017538368478901,-0.0038535665099792,1.0287958656801752,False,0.3548334818896361,,,,,
127,Charlie Jones,WR,CIN,17.777279,4.521767,34.955032,12.192547,14.474,-7.1670103,-2.7226071,6.072214,2.5595503,2.2468376,1.812109,2.0550203,0.0078512665718639,0.0016548695504761,0.0001637662477617,-0.2629603592691293,0.1471402401076878,0.43310969036016,0.0518904799433851,1.0074792976821438,False,0.4952131576794043,,,,,
354,Malik Benson,WR,LV,17.741901,5.0444155,32.993294,11.609509,14.854,-2.8778362,-2.2468174,2.5906525,2.5161858,-0.2840042,-0.5758915,-1.8258781,0.0158919747394181,0.0020287633602042,0.0003314304353826,-0.1526514890681305,0.1224140550460232,0.4851974502007449,0.0,1.0,True,0.8254781733321132,,,,,
356,Shedrick Jackson,WR,LV,17.735044,5.40652,32.00871,10.374618,14.642,-2.0191135,-1.8801453,1.8430634,1.1035604,0.17574501,-0.63835144,-1.1415195,0.015751841094729,0.0044031154803405,0.0008607309911932,-0.1527916227128196,0.1224140550460232,0.4851974502007449,0.0,1.0,True,0.8254781733321132,,,,,
432,Ronnie Bell,WR,NO,17.696075,5.6508546,32.541725,11.081316,14.862,-4.343892,-2.5363817,2.0026302,1.7812605,0.4415245,-0.03558731,0.557415,0.0155909622151091,7.210430665396241e-05,3.765963758424278e-05,-0.2354092380222655,0.1308987891119802,0.2932626321393197,0.0027110617239793,0.9802210990453571,False,0.4028631510837916,,,,,
139,Ahmani Marshall,RB,CLE,17.646187,3.9333246,34.596165,12.746133,14.91,-6.3831015,-1.9886802,4.922287,2.8058577,0.31461334,0.20744705,-1.2629585,0.0072191575421445,0.0193841448087192,0.0121761517192138,-0.5764668908078656,0.1163633892976901,0.4069750930020927,0.0,1.0,True,0.4418331374853114,,,,,
298,Nikko Remigio,WR,KC,17.566353,5.8891206,31.861864,10.688909,14.516,-7.500169,-4.030633,1.6623459,0.8630161,-0.28854942,1.1311531,1.5903416,0.0097574609424396,0.0024833628414027,0.0003135819123817,-0.2139076453498456,0.137750360963442,0.3419484179188272,0.0481820440920068,0.9766929310692876,False,0.3495589676576282,4.694206237792969,Rashee Rice,,,
455,Tanner Conner,TE,NYG,17.409792,5.830717,33.040848,10.987384,14.934,-4.20796,-2.8783414,5.638632,2.3155909,1.3042412,-1.045599,-2.0186996,0.0167544224576124,0.0002440289352411,2.1938745617587968e-05,-0.0954915852757797,0.1219595036765839,0.3114201937567469,-0.0379548155758191,1.0186691515658644,True,0.8426877470355731,,,,,
279,CJ Williams,WR,JAX,17.384335,4.9802446,31.974516,10.207422,14.844,-5.6430845,-2.6619964,1.3745842,0.587553,-0.22821236,0.20310593,-0.026163101,0.0120242059642727,0.0027558542883801,0.0003592805843549,-0.2133968372913233,0.1307967789733061,0.2971758028990063,0.0050748646142557,1.0038287251237363,False,0.398236092265943,,,,,
474,Jelani Woods,TE,NYJ,17.36275,5.5506,31.564909,10.355021,15.04,-3.8250122,-2.0843036,2.979599,1.3060055,-0.5506649,-0.4858513,-2.6334743,0.0169673432605608,0.000379875308007,3.180227015638966e-05,-0.1062375020525874,0.1279879451716588,0.4203132315656706,-0.0248394610887128,1.009773637040308,False,0.3558851591638476,,,,,
430,Barion Brown,WR,NO,16.954916,4.88181,31.057947,10.551942,15.026,-8.495046,-3.4812737,0.8150234,0.6990223,0.70540047,-0.27477074,0.12685204,0.0092499124229366,0.0,0.0002310903427216,-0.241750287814438,0.1308987891119802,0.2932626321393197,0.0027110617239793,0.9802210990453571,False,0.4028631510837916,,,,,
584,Mason Kinsey,WR,TEN,16.903997,4.8651266,31.905563,11.175758,14.782,-5.981495,-2.646145,3.6296844,2.3402443,1.187149,1.5876007,0.48352242,0.0108120895204142,0.0003512488455515,1.9014532264580072e-05,-0.1412028871032584,0.1057068842222317,0.3941290958894349,0.0262375072255626,0.9953117372204984,True,0.3920977877248859,,,,,
545,Jordan Watkins,WR,SF,16.867567,4.7286406,31.237854,10.8180895,14.77,-8.305385,-3.8563855,3.9532795,1.9636059,0.84126854,-0.62885475,0.5308647,0.0083562162317601,0.001229844428048,0.0001598110628261,-0.1591041001564766,0.1395776308512003,0.4150714957788185,-0.0020939941264897,1.0311013569435277,False,0.3954033084467867,,,,,
318,Tyler Scott,WR,LA,16.774595,4.5082154,29.859234,10.57509,15.08,-5.54292,-2.7626662,3.015749,1.5152578,-0.50224113,0.801384,1.1591454,0.0105490071105669,0.0025991667750626,0.0004243443137697,-0.2598307125903145,0.1513191546804098,0.4273850996991157,0.0238526331952171,0.9818293069645876,False,0.528956228956229,,,,,
63,Frank Gore,RB,BUF,16.769283,4.0165977,33.850147,11.980866,14.916,-8.469605,-3.2787635,5.1461296,2.3110437,1.1682167,0.18730164,2.2336988,0.0,0.0280269081783977,0.013536830109058,-0.5817131462833286,0.1112940200872035,0.4244566408991932,-0.000121301732227,0.9946722408311236,False,0.4594729700778404,,,,,
575,Nicholas Singleton,RB,TEN,16.4861,3.3697374,32.015724,11.829621,15.246,-12.411486,-3.3697374,2.0474148,0.82592106,-2.0876198,-0.30654144,-1.7116604,0.0022010959373371,0.0051164797859456,0.030431815123824,-0.5566539477697487,0.1057068842222317,0.3941290958894349,0.0262375072255626,0.9953117372204984,True,0.3920977877248859,,,,,
546,Jacob Cowing,WR,SF,16.387142,4.339486,29.43371,10.294002,14.382,-6.4310083,-3.1615496,-0.73791885,0.60315704,-1.1931362,-0.5846138,-0.6307297,0.0083938029783538,0.0016371809973985,0.0001764528601561,-0.1590665134098829,0.1395776308512003,0.4150714957788185,-0.0020939941264897,1.0311013569435277,False,0.3954033084467867,,,,,
135,Dillon Gabriel,QB,CLE,16.338104,0.0,46.93622,20.696772,12.534,-16.338104,0.0,0.5469742,0.03535652,0.56092834,-0.41257095,-1.1508503,0.0,0.0,0.0,0.0,0.1163633892976901,0.4069750930020927,0.0,1.0,True,0.4418331374853114,11.895517349243164,Deshaun Watson,,,
534,Kurtis Rourke,QB,SF,16.103703,0.0,46.603024,22.470232,13.374,-16.103703,0.0,-1.0556602,-0.62919617,-4.3052254,-1.4121952,-0.5533142,0.0,0.0,0.0,0.0,0.1395776308512003,0.4150714957788185,-0.0020939941264897,1.0311013569435277,False,0.3954033084467867,17.942762851715088,Brock Purdy,,,
159,Israel Abanikanda,RB,DAL,16.07784,4.338284,30.856117,10.798824,15.258,-7.230317,-3.2720184,1.4055786,1.2510386,0.65193367,-0.6915817,-0.5912075,0.0020006406601075,0.0265068535705143,0.0113029750357657,-0.479005181043482,0.1394550773363788,0.3293631905768475,0.010142808441509,0.981795692047315,False,0.5033726812816189,,,,,
112,Sam Roush,TE,CHI,16.050146,4.264732,30.402693,10.577414,15.458,-4.8052397,-2.3237257,2.0288773,1.1391573,-0.27613258,0.13058949,-0.94015884,0.0127334327017424,0.0005469618050541,0.0002339585781373,-0.1377909629540822,0.1187327241791947,0.3771973638719102,-0.0095964423250418,0.9918297047940632,False,0.3963857924253964,,,,,
21,Cooper Rush,QB,ATL,15.321277,0.0,46.551678,22.253172,13.098,-15.321277,0.0,0.45373535,0.49490738,1.4350624,-0.073189735,-0.039308548,0.0,0.0,0.0,0.0,0.1520177118315911,0.4114755841237087,-0.0059827158096396,1.0028623118456308,False,0.3287159920371599,19.97256088256836,Tua Tagovailoa,,,
154,Sam Howell,QB,DAL,15.28878,0.0,44.168877,24.027836,12.036,-15.28878,0.0,-1.11026,1.8402786,-3.5492363,0.6657667,0.7695055,0.0,0.0,0.0,0.0,0.1394550773363788,0.3293631905768475,0.010142808441509,0.981795692047315,False,0.5033726812816189,19.279809951782227,Dak Prescott,,,
392,Myles Price,WR,MIN,15.263006,3.5028307,28.132627,10.24981,14.786,-6.230283,-2.28862,1.6769848,1.2911367,-1.0837059,0.7551384,0.44478416,0.0094064047158892,0.0007986236776873,5.5215174003646885e-05,-0.2621057470324892,0.1600434327998587,0.3896957606338575,0.0267451506674542,0.998050360230593,False,0.925256561620198,,,,,
368,Carlos Washington Jr.,RB,MIA,15.13799,3.5374668,28.81248,10.293724,14.69,-6.313957,-2.6574132,2.430685,0.91076374,0.71523094,-0.38436127,-0.1988926,0.0050512537721456,0.0140268082471181,0.0043742550195136,-0.5184792152303556,0.1040702857040609,0.3603501687453079,0.0,1.0,True,0.6645047716112295,,,,,
254,Anderson Castle,RB,IND,15.0653105,3.2764146,30.70231,11.105616,14.922,-8.530071,-2.7390838,0.0041389465,0.76952934,0.17805862,0.2288208,0.33960724,0.0049336940340617,0.0080568338797623,0.0041768793182451,-0.716938811463383,0.1247273352590742,0.5588868868982128,-0.0065445017950927,0.9827606286728532,False,0.4314789687924016,9.493603706359863,Jonathan Taylor,,,
420,Zach Wilson,QB,NO,15.048728,0.0,46.462143,21.89219,12.236,-15.048728,0.0,4.4321938,1.0287075,2.5535164,0.3755846,0.47878933,0.0,0.0,0.0,0.0,0.1308987891119802,0.2932626321393197,0.0027110617239793,0.9802210990453571,False,0.4028631510837916,15.67023754119873,Tyler Shough,,,
482,Elijah Mitchell,RB,PHI,14.942533,2.700781,29.161022,11.265958,14.51,-7.7218056,-2.700781,0.9557495,1.5558081,0.7450409,0.80102444,2.2769585,0.0064916798502901,0.0,0.0430514139800055,-0.6313577071300972,0.1257636651083655,0.456061236285385,-0.0257069245630155,0.9974740495484936,False,0.8473824312333629,,,,,
451,Odell Beckham Jr.,WR,NYG,14.586649,3.7670102,26.450499,9.437621,14.172,-3.1054935,-1.8034368,0.119665146,1.2470961,-3.064518,-2.2476673,-1.9666557,0.0143078910008443,0.0002650951645997,4.825360232878701e-05,-0.2152493130387272,0.1219595036765839,0.3114201937567469,-0.0379548155758191,1.0186691515658644,True,0.8426877470355731,4.356287002563477,Malik Nabers,,,
216,Damien Martinez,RB,GB,14.515273,2.8701665,28.769009,10.691824,15.1,-8.885706,-2.531447,3.5191822,1.9326267,1.2365208,0.47877026,0.10106659,0.0028257986895179,0.0119472364051752,0.0037353536298894,-0.5907278319698319,0.1138460189524428,0.4017538368478901,-0.0038535665099792,1.0287958656801752,False,0.3548334818896361,,,,,
260,Anthony Gould,WR,IND,14.512502,4.7535057,27.034529,9.121675,14.92,-5.410468,-2.9044611,1.6852074,1.0812712,-1.3287086,-0.90291977,-0.051603317,0.0093636761892331,0.0007142497851998,5.1203246872811376e-05,-0.1775580689611262,0.1247273352590742,0.5588868868982128,-0.0065445017950927,0.9827606286728532,False,0.4314789687924016,,,,,
508,A.T. Perry,WR,PIT,14.423819,4.2067833,27.147066,9.912162,13.862,-2.246357,-1.5292838,4.4394073,2.556294,-1.695343,0.41304493,1.1873102,0.0117972237302677,0.0008860177189961,6.888149957003755e-05,-0.2026727394846,0.1250571975970493,0.3560411456148076,0.0208030755019294,0.9626654370229948,True,0.3358395989974937,,,,,
310,Jarquez Hunter,RB,LA,14.280723,3.4657962,28.71417,9.869474,14.97,-8.413946,-3.0987706,1.7320557,0.47589493,2.0460968,-0.24522305,0.5389385,0.001809664433332,0.0140799581991201,0.0080089385445748,-0.5817685221642942,0.1513191546804098,0.4273850996991157,0.0238526331952171,0.9818293069645876,False,0.528956228956229,,,,,
45,Dontae McMillan,RB,BAL,14.265476,2.8904517,28.236713,10.476418,14.83,-6.0490475,-1.8135312,2.6029053,1.5962486,-2.0745125,-0.029072762,1.2469473,0.0036436070389822,0.0156561465175374,0.003186836779469,-0.6853176555560387,0.1380117918492103,0.5190721554036205,0.0,1.0,True,0.3649811726734803,,,,,
507,Kaden Wetjen,WR,PIT,14.194959,3.3771358,26.431988,9.402893,14.74,-4.2770367,-1.4476975,0.064561844,1.0332937,-1.1153164,0.37732697,0.102152824,0.0101597310337141,0.0020993350982561,0.0002304611350771,-0.2043102321811535,0.1250571975970493,0.3560411456148076,0.0208030755019294,0.9626654370229948,True,0.3358395989974937,,,,,
330,Amar Johnson,RB,LAC,13.968647,3.2346961,27.07964,9.366791,14.898,-8.502129,-3.2346961,1.9453831,1.1721354,-0.5723572,-0.72950935,-0.6857233,0.004491540163208,0.0063869440415597,0.0120838714442761,-0.4401891087714394,0.1261122202253332,0.3268830682101264,0.005461033624231,1.0332683268227256,False,0.4315741720852865,,,,,
355,Dareke Young,WR,LV,13.854475,3.1167185,27.293371,9.320191,14.772,-3.0694942,-1.2296989,2.5790577,1.7289753,1.4305325,0.51786995,-1.1195765,0.0112761420401899,0.0012458121332851,0.0001435398555324,-0.1572673217673586,0.1224140550460232,0.4851974502007449,0.0,1.0,True,0.8254781733321132,,,,,
360,Carter Runyon,TE,LV,13.794206,2.574604,27.868826,10.440356,15.102,-7.2270036,-2.183408,0.4236431,0.6526003,-0.15385246,0.0040130615,-0.60339165,0.0068064204147623,0.0004706430783852,3.782222035193813e-05,-0.2029580428483305,0.1224140550460232,0.4851974502007449,0.0,1.0,True,0.8254781733321132,,,,,
405,Lan Larison,RB,NE,13.752569,3.0649962,27.510462,10.243362,14.924,-7.8973966,-2.660112,2.4424763,1.1131067,0.8425026,-0.5611496,0.3341055,0.0002716837036175,0.0202633920426922,0.0104237680826747,-0.4601147225015354,0.1236389624959372,0.3638319989225167,-0.0165720935212336,1.0201499901873752,False,0.4355281666555027,,,,,
306,Stetson Bennett IV,QB,LA,13.478607,0.0,43.918365,22.872332,13.148,-13.478607,0.0,-0.8966255,-0.26102638,0.4660225,0.5826645,1.0755587,0.0,0.0,0.0,0.0,0.1513191546804098,0.4273850996991157,0.0238526331952171,0.9818293069645876,False,0.528956228956229,13.937476634979248,Matthew Stafford,,,
292,Jaydn Ott,RB,KC,13.420812,3.1417084,26.731558,9.401034,15.146,-8.460358,-2.8779838,1.3421135,0.7693577,0.1213665,0.35987663,0.15029621,0.0020851152911588,0.0134088624085766,0.0048160613856729,-0.5211324636821485,0.137750360963442,0.3419484179188272,0.0481820440920068,0.9766929310692876,False,0.3495589676576282,,,,,
568,Ko Kieft,TE,TB,13.403043,2.6800275,25.013794,9.624168,14.788,-3.7267923,-1.1946719,0.8469639,1.7156882,-1.2646217,-0.44751263,-0.66772366,0.0125910055546871,0.0011011678686089,9.846031844787234e-05,-0.1371263365423657,0.1326599254096101,0.3682656615316566,0.0102168002781305,1.019087608186837,False,0.8724547057880391,,,,,
435,Oscar Delp,TE,NO,13.325911,2.8190084,27.877522,10.143065,15.33,-7.422402,-2.8190084,3.519682,1.4081802,2.2442856,0.49050045,1.0707788,0.0062728749254495,0.0,0.0002170717949996,-0.1475776935766375,0.1308987891119802,0.2932626321393197,0.0027110617239793,0.9802210990453571,False,0.4028631510837916,,,,,
151,Blake Whiteheart,TE,CLE,13.300279,3.7939014,24.502369,8.875941,15.12,-2.0726252,-1.5087702,1.1683273,1.6230702,0.56194115,0.1511898,-0.93426037,0.0179546934390361,0.000258690081735,1.6432020716207214e-05,-0.1631216278366651,0.1163633892976901,0.4069750930020927,0.0,1.0,True,0.4418331374853114,,,,,
121,Kendall Milton,RB,CIN,13.148442,3.2357006,25.661734,9.034607,14.846,-6.306914,-2.5612748,4.1346493,1.3548088,-0.7877617,-0.34674835,-0.75261307,0.0005587170193313,0.0273902411616513,0.0083289321841155,-0.592079988549404,0.1471402401076878,0.43310969036016,0.0518904799433851,1.0074792976821438,False,0.4952131576794043,,,,,
577,Kalel Mullings,RB,TEN,13.133409,2.953057,25.786732,9.239295,15.226,-8.741112,-2.953057,2.2010632,1.0172434,-0.18748474,-0.47982788,-0.30932808,0.002041534615738,0.0120390058813642,0.0044428684307047,-0.5497314216743302,0.1057068842222317,0.3941290958894349,0.0262375072255626,0.9953117372204984,True,0.3920977877248859,,,,,
14,Simi Fehoko,WR,ARI,12.967997,2.7553911,25.574186,8.94184,12.968,-2.4601889,-0.8096055,2.9170284,1.1741529,0.91614723,0.8123989,0.025976181,0.0131417730777988,0.0003994366678385,2.1062128949286483e-05,-0.1786435833321984,0.1354945388129577,0.2518147078530476,0.0128423720766785,1.0057299991686912,False,0.4367641169403284,,,,,
501,Lew Nichols,RB,PIT,12.884162,3.158181,25.696054,9.67984,14.824,-6.3689165,-2.5796156,3.1143494,1.7240953,-1.1985073,0.22676277,-0.23298836,0.0031598742845945,0.0148868382932479,0.0035777227491911,-0.4263199164129887,0.1250571975970493,0.3560411456148076,0.0208030755019294,0.9626654370229948,True,0.3358395989974937,,,,,
268,Carter Bradley,QB,JAX,12.81185,0.0,41.12704,20.702738,12.952,-12.81185,0.0,-0.023414612,-1.3011723,-0.5423126,-0.30204296,-0.1924715,0.0,0.0,0.0,0.0,0.1307967789733061,0.2971758028990063,0.0050748646142557,1.0038287251237363,False,0.398236092265943,,,,,
185,Michael Bandy,WR,DEN,12.800075,3.4427214,24.098854,8.5287,14.554,-7.178118,-3.4427214,1.3072224,0.3081169,-0.83611107,0.472867,0.22581577,0.0059267926296661,0.0003697585122411,4.462291427441383e-05,-0.2001779780015639,0.1079177124440923,0.3367956731608758,0.0081475376106117,0.9982335282057712,False,0.519899785254116,,,,,
553,Connor Bazelak,QB,TB,12.672821,0.0,41.626488,19.932766,13.82,-12.672821,0.0,0.17742538,-0.21800041,1.8530388,0.42346573,0.29960155,0.0,0.0,0.0,0.0,0.1326599254096101,0.3682656615316566,0.0102168002781305,1.019087608186837,False,0.8724547057880391,,,,,
543,De'Zhaun Stribling,WR,SF,12.561285,2.3478506,26.03118,9.152723,14.858,-11.750951,-2.4247828,1.458559,0.11080074,2.335514,-0.6659832,-0.34995556,0.0,0.002770771898431,0.0007080937835986,-0.1674603163882368,0.1395776308512003,0.4150714957788185,-0.0020939941264897,1.0311013569435277,False,0.3954033084467867,,,,,
401,Behren Morton,QB,NE,12.52579,0.0,39.600513,21.583055,13.246,-12.52579,0.0,0.5421753,-0.15644455,-0.9771347,-0.9331598,-0.5223875,0.0,0.0,0.0,0.0,0.1236389624959372,0.3638319989225167,-0.0165720935212336,1.0201499901873752,False,0.4355281666555027,,,,,
512,Jaheim Bell,TE,PIT,12.4129715,2.9193492,24.016706,8.564439,15.082,-4.995095,-2.3020763,-0.17376518,0.5319767,-1.0413227,0.9398098,0.6102581,0.0076472421992788,0.0006016140557558,4.0061608932896194e-05,-0.1319842415655485,0.1250571975970493,0.3560411456148076,0.0208030755019294,0.9626654370229948,True,0.3358395989974937,,,,,
436,Moliki Matavao,TE,NO,12.304924,3.0644784,24.288105,8.616816,15.088,-5.339279,-3.0644784,0.6415386,0.5299454,1.8645248,0.4662962,0.40760612,0.0067076023766518,0.0,3.4925825180165147e-05,-0.1471429661254352,0.1308987891119802,0.2932626321393197,0.0027110617239793,0.9802210990453571,False,0.4028631510837916,,,,,
12,Reggie Virgil,WR,ARI,12.2205305,3.0272477,23.80972,8.856572,14.878,-9.784573,-3.0272477,0.89271545,0.69794846,2.4925995,1.1674252,0.8632269,0.0027014778682905,0.0002748532553099,9.834079518009606e-05,-0.1890838785417067,0.1354945388129577,0.2518147078530476,0.0128423720766785,1.0057299991686912,False,0.4367641169403284,,,,,
287,Garrett Nussmeier,QB,KC,12.206636,0.0,40.270462,19.981224,13.24,-12.206636,0.0,0.6638069,-1.1218166,0.7659073,0.6761551,1.2373466,0.0,0.0,0.0,0.0,0.137750360963442,0.3419484179188272,0.0481820440920068,0.9766929310692876,False,0.3495589676576282,,,,,
550,Brayden Willis,TE,SF,11.999777,2.7511988,24.153194,8.77285,15.11,-7.782618,-2.7511988,2.3223495,0.7971101,1.537014,-0.12453842,0.86011887,0.0055298841239582,0.0003110174870474,1.6925012998124632e-05,-0.1832640048194126,0.1395776308512003,0.4150714957788185,-0.0020939941264897,1.0311013569435277,False,0.3954033084467867,,,,,
223,Isaiah Neyor,WR,GB,11.910797,2.812535,24.092583,8.416875,14.728,-7.2313623,-2.812535,2.325346,0.63211536,1.8695221,0.12671089,0.42228317,0.0048284931630359,0.0007246846540684,7.3852631334221e-05,-0.1766492892433084,0.1138460189524428,0.4017538368478901,-0.0038535665099792,1.0287958656801752,False,0.3548334818896361,,,,,
572,Will Levis,QB,TEN,11.727092,0.0,35.075428,19.13908,12.4,-11.727092,0.0,-1.4134102,0.4635086,1.224453,0.44230652,-0.44265652,0.0,0.0,0.0,0.0,0.1057068842222317,0.3941290958894349,0.0262375072255626,0.9953117372204984,True,0.3920977877248859,,,,,
204,Tom Kennedy,WR,DET,11.689756,2.2066464,24.352444,8.887995,12.54,-1.3336916,-0.3088919,2.6299877,1.21493,1.0079288,-0.71045494,0.35857868,0.0103932899671304,0.0004950324166465,3.773220064761048e-05,-0.2574947238844369,0.1499231916251425,0.3977798292692783,0.0050952669213471,1.0006848662147716,False,0.4286541483993713,,,,,
125,Colbie Young,WR,CIN,11.523939,1.6025566,23.777275,9.211738,15.1,-10.496506,-1.7384974,-1.4255047,-0.3375597,-2.2482967,0.20527744,0.7601757,0.0,0.005200448914133,0.0008136025400413,-0.2708116258409933,0.1471402401076878,0.43310969036016,0.0518904799433851,1.0074792976821438,False,0.4952131576794043,,,,,
299,Jason Brownlee,WR,KC,11.51841,2.5581694,23.074741,8.067448,12.79,-2.9657087,-1.2312369,1.576891,0.31526232,-1.0422268,0.64309025,0.5301428,0.0091134173402247,0.0006668524466013,5.763930898918835e-05,-0.2145516889520605,0.137750360963442,0.3419484179188272,0.0481820440920068,0.9766929310692876,False,0.3495589676576282,2.8422250747680664,Rashee Rice,,,
173,Sam Ehlinger,QB,DEN,11.496798,0.0,36.16416,18.185392,11.896,-11.496798,0.0,-2.680458,-0.12784004,-2.061119,-0.35491085,-0.069410324,0.0,0.0,0.0,0.0,0.1079177124440923,0.3367956731608758,0.0081475376106117,0.9982335282057712,False,0.519899785254116,,,,,
526,Emmanuel Henderson Jr.,WR,SEA,11.45904,2.5259385,23.720512,8.433154,15.122,-8.6677265,-2.5259385,0.998106,0.37531376,0.53910065,-0.14738274,0.0394907,0.0023547425782053,0.0022213781030661,0.0002129672904253,-0.2630506009994975,0.1405985830746451,0.285522936462633,0.0033032852808487,1.01255678174596,False,0.4815431383902721,,,,,
18,Teagan Quitoriano,TE,ARI,11.458848,2.0028522,23.770746,9.060685,13.934,-5.01079,-2.0028522,0.66617966,0.22950554,1.0817261,-0.12994003,0.37362003,0.0063380267269049,0.0002689741539746,1.792360227147739e-05,-0.2195264607063677,0.1354945388129577,0.2518147078530476,0.0128423720766785,1.0057299991686912,False,0.4367641169403284,,,,,
558,Kadarius Calloway,RB,TB,11.278827,1.9487631,22.21226,8.828531,14.902,-7.6139793,-1.9487631,-0.96990585,0.3596773,-0.89850616,-0.44236088,-0.44133282,0.0008428855915905,0.0114804316844656,0.004214470505455,-0.5344094247292609,0.1326599254096101,0.3682656615316566,0.0102168002781305,1.019087608186837,False,0.8724547057880391,,,,,
382,Carson Wentz,QB,MIN,11.256251,0.0,37.43338,18.610943,9.8,-11.256251,0.0,1.1467361,-0.24130821,2.258873,0.7149277,-0.41500378,0.0,0.0,0.0,0.0,0.1600434327998587,0.3896957606338575,0.0267451506674542,0.998050360230593,False,0.925256561620198,10.900150060653688,Kyler Murray,,,
439,Brandon Allen,QB,NYG,11.207939,0.0,36.60439,16.710598,10.912,-11.207939,0.0,3.2717972,0.18880463,2.4174576,-2.1960125,-1.9422369,0.0,0.0,0.0,0.0,0.1219595036765839,0.3114201937567469,-0.0379548155758191,1.0186691515658644,True,0.8426877470355731,,,,,
56,Josh Cuevas,TE,BAL,11.11142,1.8034225,23.761612,9.709371,15.214,-5.311107,-1.8034225,1.0284977,1.528573,-0.24565125,-0.8504467,-0.66724014,0.0056667745872338,0.0006689587270988,3.8579806608665024e-05,-0.163484592279736,0.1380117918492103,0.5190721554036205,0.0,1.0,True,0.3649811726734803,,,,,
463,Sam Scott,RB,NYJ,11.101437,1.86528,22.416727,8.456112,14.942,-7.682318,-1.86528,1.3708096,0.66288424,1.7353001,0.42091942,-0.5691309,0.0016881440299507,0.0076055036140165,0.0042061105472224,-0.5914082024627608,0.1279879451716588,0.4203132315656706,-0.0248394610887128,1.009773637040308,False,0.3558851591638476,,,,,
192,Luke Altmyer,QB,DET,11.056968,0.0,36.68716,20.228756,13.152,-11.056968,0.0,1.3076553,1.9631443,3.919033,0.2862606,0.6329212,0.0,0.0,0.0,0.0,0.1499231916251425,0.3977798292692783,0.0050952669213471,1.0006848662147716,False,0.4286541483993713,,,,,
303,Jake Briningstool,TE,KC,10.786734,1.6026962,23.472088,9.553299,15.354,-7.140007,-1.6026962,2.8252945,1.5496407,2.4171295,0.9940834,1.2272854,0.0032429068823766,0.0005729363556119,5.830317952640205e-05,-0.1945085551507998,0.137750360963442,0.3419484179188272,0.0481820440920068,0.9766929310692876,False,0.3495589676576282,,,,,
64,Ian Wheeler,RB,BUF,10.76997,1.7204127,21.606306,8.549801,14.762,-6.7677436,-1.6562624,0.6726761,0.8942485,-0.23019981,0.3142643,0.4428339,0.0,0.0151513009457571,0.0057219176853857,-0.5945887535159692,0.1112940200872035,0.4244566408991932,-0.000121301732227,0.9946722408311236,False,0.4594729700778404,,,,,
140,Davon Booth,RB,CLE,10.74676,2.4377618,21.888811,8.2229185,14.922,-5.905165,-2.27702,0.51566315,0.18459034,0.14153671,0.38825607,-1.26896,0.002901340705878,0.010479037134728,0.0051467690220541,-0.585371998481857,0.1163633892976901,0.4069750930020927,0.0,1.0,True,0.4418331374853114,,,,,
26,Cash Jones,RB,ATL,10.640773,1.7503897,22.216677,8.551637,14.852,-6.108809,-1.703231,1.0284996,0.6230159,1.0119648,0.41319466,0.38450718,0.0011344447169213,0.0113730091276432,0.0041178365973115,-0.5641899759576319,0.1520177118315911,0.4114755841237087,-0.0059827158096396,1.0028623118456308,False,0.3287159920371599,,,,,
128,Ke'Shawn Williams,WR,CIN,10.579646,2.1856828,21.136765,8.170643,14.86,-5.2846427,-1.9050165,0.5823231,0.9300456,0.3435402,0.17000103,1.1028357,0.0038396639365014,0.0040403959313765,0.0005714110342917,-0.2669719619044918,0.1471402401076878,0.43310969036016,0.0518904799433851,1.0074792976821438,False,0.4952131576794043,,,,,
349,Roman Hemby,RB,LV,10.443916,1.7970061,21.486372,8.212474,15.118,-5.32092,-1.5146639,0.68904114,0.9458127,0.6318779,0.044211388,-1.5166883,0.0025404615684711,0.0138516504986842,0.0048794466322227,-0.6536599290029129,0.1224140550460232,0.4851974502007449,0.0,1.0,True,0.8254781733321132,,,,,
230,Graham Mertz,QB,HOU,10.321588,0.0,31.727947,18.63501,13.506,-10.321588,0.0,-2.2558174,0.38455772,-0.19762611,0.17958069,-0.7006149,0.0,0.0,0.0,0.0,0.1239619180366614,0.32340015184416,0.0116174936896796,1.0066790344008554,False,0.4292192841693993,,,,,
83,Anthony Tyus III,RB,CAR,10.203097,1.8971226,19.820993,7.7989783,15.018,-5.9860306,-1.7932884,0.1967125,0.5264268,-1.7062588,-0.2955122,0.090768814,0.0,0.0174091660178266,0.0046390706093618,-0.4869158960234357,0.1164321224601814,0.3295758613119898,-0.0085329743414401,1.0246330030709965,False,0.4680851063829787,,,,,
341,Jerand Bradley,TE,LAC,10.159667,1.7860767,20.205091,8.1852,15.16,-7.6136675,-1.7860767,-0.6749401,0.40880203,-0.66303444,-0.12708664,-0.42209244,0.0028140957191829,0.0,6.578737205342138e-05,-0.1296970674433524,0.1261122202253332,0.3268830682101264,0.005461033624231,1.0332683268227256,False,0.4315741720852865,,,,,
317,CJ Daniels,WR,LA,10.135524,1.6806701,20.84925,8.140351,14.926,-7.7310915,-1.6806701,0.14630508,-0.32262897,1.7425175,0.15380001,0.24135685,0.0023503249886088,0.0009541197212993,0.0001849170988616,-0.2680293947122727,0.1513191546804098,0.4273850996991157,0.0238526331952171,0.9818293069645876,False,0.528956228956229,,,,,
325,DJ Uiagalelei,QB,LAC,10.128369,0.0,33.634216,17.563877,13.31,-10.128369,0.0,-1.1805687,0.23211098,-1.9294739,-0.33891582,-0.5197773,0.0,0.0,0.0,0.0,0.1261122202253332,0.3268830682101264,0.005461033624231,1.0332683268227256,False,0.4315741720852865,,,,,
241,Lewis Bond,WR,HOU,10.000036,1.716932,19.823378,8.072973,14.954,-9.221849,-1.716932,-0.97016335,-0.24054623,0.4712429,0.08703995,-0.011980057,0.0006238913713156,0.0007137534284594,0.0002111254286952,-0.2254942013440092,0.1239619180366614,0.32340015184416,0.0116174936896796,1.0066790344008554,False,0.4292192841693993,,,,,
344,Aidan O'Connell,QB,LV,9.902089,0.0,34.906826,16.796217,10.808,-9.902089,0.0,5.7895317,1.0871859,3.3777351,0.39596367,-0.36962032,0.0,0.0,0.0,0.0,0.1224140550460232,0.4851974502007449,0.0,1.0,True,0.8254781733321132,8.248657703399658,Kirk Cousins,,,
311,Jordan Waters,RB,LA,9.892214,1.5816777,21.45485,8.485205,14.686,-6.60209,-1.5816777,0.68622017,0.3788414,0.6166935,-0.05618763,-0.120402336,0.0007272944320378,0.0076116024864625,0.0033853189210601,-0.5882368778769518,0.1513191546804098,0.4273850996991157,0.0238526331952171,0.9818293069645876,False,0.528956228956229,,,,,
261,Laquon Treadwell,WR,IND,9.867433,1.6406653,19.96055,7.4965606,14.338,-2.5520787,-1.3972162,2.1330566,1.2746439,0.7450237,0.011911392,-0.11579704,0.0095547453733299,0.0004980086507427,3.6549576427839615e-05,-0.1773669997770294,0.1247273352590742,0.5588868868982128,-0.0065445017950927,0.9827606286728532,False,0.4314789687924016,,,,,
607,Colson Yankoff,TE,WAS,9.71826,1.8545821,19.013695,7.3362317,15.244,-3.5500422,-1.8545821,-0.21519661,-0.02640438,0.13746262,-0.65748215,-0.50415325,0.007615008675536,0.0002782795280904,1.3533055162966352e-05,-0.1185962723313761,0.1085564630587701,0.2982102862904369,-0.0100617340773956,0.9912855940986504,False,0.3306882870450233,,,,,
202,Dominic Lovett,WR,DET,9.704861,1.5956388,19.666077,7.962849,14.93,-7.0895514,-1.5956388,0.40952873,0.9356351,-0.5008259,0.4020443,0.36520195,0.0018142179248482,0.0019546507880115,0.0002580607118293,-0.2660737959267191,0.1499231916251425,0.3977798292692783,0.0050952669213471,1.0006848662147716,False,0.4286541483993713,,,,,
406,Jam Miller,RB,NE,9.57321,1.3378196,20.728975,7.595754,15.07,-6.1397543,-1.3378196,-0.18820381,-0.28422403,-0.73571587,-0.14429569,0.17265797,0.0001091882236711,0.0109543567583858,0.0044060494561947,-0.4694237577858418,0.1236389624959372,0.3638319989225167,-0.0165720935212336,1.0201499901873752,False,0.4355281666555027,,,,,
69,Skyler Bell,WR,BUF,9.549018,1.7467813,19.300093,8.051702,14.818,-8.96658,-1.8133668,1.0771942,0.6610775,-2.9807014,-0.48049068,0.08396149,0.0,0.0022191149149409,0.0003886542496781,-0.1671939146490136,0.1112940200872035,0.4244566408991932,-0.000121301732227,0.9946722408311236,False,0.4594729700778404,,,,,
235,Noah Whittington,RB,HOU,9.54873,1.2850335,21.319208,7.9480295,15.024,-7.884177,-1.3657842,2.1226177,0.4730754,0.41950798,0.61496735,-0.6388569,0.0001930595652743,0.0056940520665318,0.003865120710192,-0.4085108907891893,0.1239619180366614,0.32340015184416,0.0116174936896796,1.0066790344008554,False,0.4292192841693993,,,,,
75,Shane Zylstra,TE,BUF,9.489379,1.4233478,19.61241,7.582271,13.024,-5.186501,-1.4233478,0.3492756,0.15975046,-0.39494514,0.32295132,0.25888443,0.0046266731822655,0.0005626922623221,4.892356613319681e-05,-0.1423135837935696,0.1112940200872035,0.4244566408991932,-0.000121301732227,0.9946722408311236,False,0.4594729700778404,,,,,
477,Tanner McKee,QB,PHI,9.396502,0.0,28.953045,17.253695,12.032,-9.396502,0.0,1.3049679,0.3745346,-1.5341053,-1.1885805,-0.7733221,0.0,0.0,0.0,0.0,0.1257636651083655,0.456061236285385,-0.0257069245630155,0.9974740495484936,False,0.8473824312333629,,,,,
78,Haynes King,QB,CAR,9.31554,0.0,33.73862,17.927162,13.226,-9.31554,0.0,2.0114403,0.446558,1.1526833,0.1938219,-0.44491482,0.0,0.0,0.0,0.0,0.1164321224601814,0.3295758613119898,-0.0085329743414401,1.0246330030709965,False,0.4680851063829787,,,,,
444,Dante Miller,RB,NYG,9.017199,0.68021405,20.193623,8.014989,14.652,-8.867085,-0.68021405,0.6073818,0.26065302,-0.6556053,-0.08922005,0.1931305,0.0,0.0,0.0036262487531789,-0.3691858011023939,0.1219595036765839,0.3114201937567469,-0.0379548155758191,1.0186691515658644,True,0.8426877470355731,,,,,
109,Maurice Alexander,WR,CHI,8.92381,1.4332199,17.656324,7.096525,14.44,-4.342603,-1.4332199,0.09467316,0.6082306,-0.8911133,-0.3212824,-0.49977398,0.0053997474311135,0.0003491866577798,6.330883573427285e-05,-0.2087478433853325,0.1187327241791947,0.3771973638719102,-0.0095964423250418,0.9918297047940632,False,0.3963857924253964,,,,,
322,Max Klare,TE,LA,8.910192,0.43481913,19.54882,8.192144,15.218,-7.727022,-0.43481913,0.53092194,0.48184156,-0.24888611,0.31485844,0.35831165,0.00113113559196,0.0003252299603112,4.098262895814651e-05,-0.1042507664961438,0.1513191546804098,0.4273850996991157,0.0238526331952171,0.9818293069645876,False,0.528956228956229,,,,,
33,Chris Blair,WR,ATL,8.812722,1.6951177,18.620008,6.7556305,14.564,-3.3429084,-1.6951177,0.9281864,0.57565784,0.7901325,0.42082214,-0.028244019,0.0056430903511854,0.0006410798309344,5.903200963564947e-05,-0.2594590710534962,0.1520177118315911,0.4114755841237087,-0.0059827158096396,1.0028623118456308,False,0.3287159920371599,,,,,
52,LaJohntay Wester,WR,BAL,8.784024,1.4705406,17.940233,6.8939795,14.934,-5.619445,-1.4705406,0.750473,0.4105072,-0.30308723,0.3278284,0.3733635,0.0030503725897497,0.0004136392347829,1.7239193794472984e-05,-0.2556967907229404,0.1380117918492103,0.5190721554036205,0.0,1.0,True,0.3649811726734803,,,,,
449,Malachi Fields,WR,NYG,8.582886,1.349198,18.07431,6.998212,14.942,-8.570508,-1.349198,-0.86328125,-0.57271814,-1.5543423,-0.92622185,-1.0990715,0.0,0.0,0.0002695638840755,-0.2295572040395715,0.1219595036765839,0.3114201937567469,-0.0379548155758191,1.0186691515658644,True,0.8426877470355731,4.985927581787109,Malik Nabers,,,
470,Jamaal Pritchett,WR,NYJ,8.550515,1.0620805,17.004005,6.6894097,15.056,-6.071289,-1.0620805,-0.40850258,0.45877218,-0.7087765,0.1910801,-0.37595463,0.0028845621370953,0.0004613277555261,8.31600866673998e-05,-0.2574126195525909,0.1279879451716588,0.4203132315656706,-0.0248394610887128,1.009773637040308,False,0.3558851591638476,,,,,
113,Nikola Kalinic,TE,CHI,8.479143,0.72148514,18.437696,7.3868594,14.958,-4.2729397,-0.72148514,2.8528795,1.0382347,1.3999977,-0.46226883,0.11966705,0.0046611429162365,0.0003068590658638,3.200997786779511e-05,-0.1458632527395882,0.1187327241791947,0.3771973638719102,-0.0095964423250418,0.9918297047940632,False,0.3963857924253964,,,,,
337,Dalevon Campbell,WR,LAC,8.478407,1.1788809,18.025866,6.778893,14.736,-5.0336123,-1.1788809,1.671154,0.60869265,1.9214993,0.3472395,0.008918762,0.0035481153584406,0.0001150854500255,9.789888506545744e-05,-0.2119478451904295,0.1261122202253332,0.3268830682101264,0.005461033624231,1.0332683268227256,False,0.4315741720852865,,,,,
415,Eli Raridon,TE,NE,8.452741,0.0,21.14755,10.29096,15.436,-7.058612,0.0,0.15143204,0.14781761,-1.2980976,-0.29005527,0.10811329,0.0011325522581945,0.0016091764229134,0.0003005196398144,-0.1633648963544727,0.1236389624959372,0.3638319989225167,-0.0165720935212336,1.0201499901873752,False,0.4355281666555027,,,,,
32,Vinny Anthony II,WR,ATL,8.267459,1.4536062,16.440298,6.2400236,15.186,-4.4331226,-1.4536062,-0.2048397,-0.3454299,-1.5390015,-0.4203167,-0.31458855,0.0036660720183219,0.0014256146873803,0.0002249295900673,-0.2614360893863597,0.1520177118315911,0.4114755841237087,-0.0059827158096396,1.0028623118456308,False,0.3287159920371599,,,,,
59,Shane Buechele,QB,BUF,8.108132,0.0,27.733082,16.740906,11.624,-8.108132,0.0,-0.24914932,-0.28891563,2.5187302,-0.024702072,-0.05464554,0.0,0.0,0.0,0.0,0.1112940200872035,0.4244566408991932,-0.000121301732227,0.9946722408311236,False,0.4594729700778404,,,,,
208,Jackson Meeks,TE,DET,8.054919,0.3862337,18.243456,8.161012,15.434,-7.8519273,-0.3862337,-0.74952316,0.29691744,0.43260193,0.38620615,0.26244736,0.0,0.0007127935660315,6.285999175079142e-05,-0.1561487968883755,0.1499231916251425,0.3977798292692783,0.0050952669213471,1.0006848662147716,False,0.4286541483993713,,,,,
188,Justin Joly,TE,DEN,7.9581103,0.16092083,18.33287,8.573158,15.344,-7.945058,-0.16092083,1.1388035,0.91314363,0.35831833,0.1301136,0.61065626,0.0,0.0,0.0002745487618163,-0.1346608671575547,0.1079177124440923,0.3367956731608758,0.0081475376106117,0.9982335282057712,False,0.519899785254116,,,,,
97,Case Keenum,QB,CHI,7.755512,0.0,27.649635,16.965944,10.366,-7.755512,0.0,3.741806,-0.04291916,3.3680496,0.072534084,-0.42664337,0.0,0.0,0.0,0.0,0.1187327241791947,0.3771973638719102,-0.0095964423250418,0.9918297047940632,False,0.3963857924253964,,,,,
454,Thomas Fidone II,TE,NYG,7.6620684,0.20582008,17.098368,7.24658,15.01,-7.330457,-0.20582008,-1.5171776,-0.9188061,-1.5403309,-1.2929678,-1.5010433,0.0002709197211877,0.0,0.0002147186533822,-0.1119750880122044,0.1219595036765839,0.3114201937567469,-0.0379548155758191,1.0186691515658644,True,0.8426877470355731,,,,,
246,Marlin Klein,TE,HOU,7.4824142,0.0,16.014463,7.1580644,14.962,-7.2379994,0.0,-0.4404583,0.47194052,0.8942423,0.4975505,0.11258602,0.00030025878933,0.0002432965109386,4.6791103478855306e-05,-0.1638648725919854,0.1239619180366614,0.32340015184416,0.0116174936896796,1.0066790344008554,False,0.4292192841693993,,,,,
398,Gavin Bartholomew,TE,MIN,7.423608,0.0,17.704714,7.474612,15.342,-7.3583894,0.0,-0.43372536,-0.0024814606,0.07782745,0.4684043,-0.02114153,0.0,0.0002401155626788,4.5814886217991534e-05,-0.1631954388378664,0.1600434327998587,0.3896957606338575,0.0267451506674542,0.998050360230593,False,0.925256561620198,,,,,
94,Feleipe Franks,TE,CAR,7.3506083,0.8830416,15.907393,6.6218143,14.944,-3.5311677,-0.8830416,0.16879082,0.892591,0.7017565,-0.64384365,-0.50188446,0.0045764846942212,0.0035124853770584,0.0004934034297795,-0.0886678386974284,0.1164321224601814,0.3295758613119898,-0.0085329743414401,1.0246330030709965,False,0.4680851063829787,,,,,
37,Joshua Simon,TE,ATL,6.993642,0.06302747,16.724255,7.088407,15.286,-5.081495,-0.06302747,1.08006,0.28772926,-0.97693443,-0.5932412,-0.46663904,0.0017643621893613,0.0004859480396909,4.985047888045009e-05,-0.1776694108659869,0.1520177118315911,0.4114755841237087,-0.0059827158096396,1.0028623118456308,False,0.3287159920371599,,,,,
458,Brady Cook,QB,NYJ,6.8613534,0.0,22.508314,12.575999,12.202,-6.8613534,0.0,2.147993,0.29013252,0.15626907,-0.44443035,-0.61556864,0.0,0.0,0.0,0.0,0.1279879451716588,0.4203132315656706,-0.0248394610887128,1.009773637040308,False,0.3558851591638476,,,,,
569,Bauer Sharp,TE,TB,6.761871,0.0,15.539911,6.3757215,15.286,-5.1936803,0.0,0.7500515,0.42991972,0.70735645,-0.20143557,0.18261099,0.001310910479442,0.0004905380105878,5.1020327776394584e-05,-0.1484064316176108,0.1326599254096101,0.3682656615316566,0.0102168002781305,1.019087608186837,False,0.8724547057880391,,,,,
166,Anthony Smith,WR,DAL,6.7597165,0.018017309,14.7247,6.2204947,15.194,-6.577547,-0.018017309,-0.7153778,-0.009875298,-0.85681915,0.0027151108,0.45385313,0.0,0.0007290127060224,8.399571832769294e-05,-0.2466130809933991,0.1394550773363788,0.3293631905768475,0.010142808441509,0.981795692047315,False,0.5033726812816189,,,,,
394,Jeshaun Jones,WR,MIN,6.7453113,0.18606134,14.90368,6.098834,14.736,-5.239579,-0.18606134,0.35629845,0.08928108,-0.24363327,0.4323058,0.03831196,0.0014338694828405,0.0004397013955245,6.344933953685035e-05,-0.2700782822655379,0.1600434327998587,0.3896957606338575,0.0267451506674542,0.998050360230593,False,0.925256561620198,,,,,
393,Dillon Bell,WR,MIN,6.4848523,0.0,15.777601,6.6212707,15.044,-6.31944,0.0,-0.11503601,-0.16736555,1.046691,-0.0027246475,-0.014763832,0.0,0.0007044215530559,0.000206720653591,-0.2715121517483784,0.1600434327998587,0.3896957606338575,0.0267451506674542,0.998050360230593,False,0.925256561620198,,,,,
588,Jaren Kanak,TE,TEN,6.2935977,0.0,14.667936,6.262356,15.418,-5.6427975,0.0,0.17198277,0.2218399,0.4601879,0.26890612,-0.5898514,0.000797137766414,4.4487660262782934e-05,3.965550463773271e-05,-0.1085137954426199,0.1057068842222317,0.3941290958894349,0.0262375072255626,0.9953117372204984,True,0.3920977877248859,,,,,
170,Zack Kuntz,TE,DAL,6.182644,0.0,15.839342,6.5707893,14.998,-6.06899,0.0,2.1367702,0.44139814,0.15925121,0.1682725,0.037736893,0.0,0.0005135325036323,5.143078151243992e-05,-0.1516601418328078,0.1394550773363788,0.3293631905768475,0.010142808441509,0.981795692047315,False,0.5033726812816189,,,,,
416,CJ Dippre,TE,NE,6.0669303,0.0,15.699328,7.6806245,15.034,-5.3309298,0.0,0.13274097,0.92323446,-0.14081383,-0.066444874,0.21452618,0.0004632015934635,0.0015342764054516,0.0002811206727383,-0.1640342470192037,0.1236389624959372,0.3638319989225167,-0.0165720935212336,1.0201499901873752,False,0.4355281666555027,,,,,
417,Tanner Arkin,TE,NE,4.780337,0.0,12.692068,5.704018,15.224,-4.490923,0.0,0.5595274,-0.14313602,1.111496,-0.12986183,-0.30908442,0.0001698166252576,0.0004680597837448,5.333958018287031e-05,-0.1643276319874095,0.1236389624959372,0.3638319989225167,-0.0165720935212336,1.0201499901873752,False,0.4355281666555027,,,,,
